57a215d5-e47b-43a2-8d25-8029c81298ce,Morgan Sharma,$2b$12$CfF5H2PbKZUYDUAuZPWteeINLIPZNyXWTcIY56OPcInplOzfaAq8a,elit.pede@protonmail.com,2018-09-25,10000,0
5ea5189a-b54c-4042-aed5-1a6c63c8f175,Howard Kwok,$2b$12$2lqmsLOTtAxcgLIhTjSYVuQ2UANmbdETuAMu6iVyjUj8QFnQygeKe,purus@icloud.com,2019-08-24,10000,0
49343cbd-d8f3-445c-aa60-6da20106ee0a,Knox Tyagi,$2b$12$A0WATQq4kIheYYxIvjxtXOH.lTNLaSGYzxnruVzgOXqE9zIJgN3by,at.sem@protonmail.com,2018-05-27,10000,0
00dd523c-0212-4350-9da4-4b36b938a9e8,Jamalia Arun,$2b$12$pleemDf7CaZTdAvS52hwQ./5kLiLJUizXZ7yvmez76BaFp/qFGtD.,ornare.placerat@hotmail.com,2019-08-15,10000,0
fb8a7590-e537-40f7-ad2a-acc80841daa9,Kylan Hernandez,$2b$12$NckwXoSLEfqdIYVeX2opb.SL5pSGBr96ZibcHce3lbvHUCA1cRuWG,sem.eget@aol.com,2019-12-24,10000,0
bf8fb072-12cd-4696-8853-935b6a325d1c,Harrison Ming,$2b$12$2haa63ii9vHoUbbCklGu9OSS4t9TAkIhueJKJUXkXrdYJXWFs/pgG,magna.a@hotmail.com,2019-09-19,10000,0
888af357-e1da-46dd-8c1d-8d1639e39987,Joseph Swami,$2b$12$VN7eEgkzNTXiElGNM.Kyo.kSTByv4phwEXWeC5NwM/b77hDqdD8hC,nonummy.ultricies.ornare@aol.com,2018-10-03,10000,0
3f70e576-efc7-4734-b524-39f8c1369cad,Carly Neelam,$2b$12$0KNbVpoQ9p5zvRlRaU4bdeUF9eMR3tGsaecqisgcH8mzsJbFKIBO2,rhoncus@hotmail.com,2020-01-28,10000,0
13bedf93-99e6-451e-af89-651d3246138c,Carter Sen,$2b$12$jfUDt/fhB/Bvr0.hFcttB.R3uCguCPspzIqcMby8sqW0ozGf599jO,hendrerit@protonmail.com,2019-06-09,10000,0
d01dcfe7-6740-4162-a240-47775711f644,Jillian Austin,$2b$12$A.Jk86dnjT672jrmIz3GVO90WvRZr0NMXr5S2RWrLQLWg0scO1r4G,proin.vel@protonmail.com,2018-06-21,10000,0
dadb0e7d-021b-42dc-9edf-aa24dc5386d1,Rhiannon Crawford,$2b$12$CB1ucSO3PLVGq9BY7q9.YOp37NjD85fsztbHJFpnbbYw6eAXlknq.,erat.sed@google.com,2019-04-27,10000,0
3301362a-3209-4ec9-beaa-3f33c809c290,Harding Cheang,$2b$12$ypZYv6pdChpd3W0k.ZrEwOJhdB.3ZwjdIOcbkyPQRu1zzz5ngxCkC,natoque.penatibus.et@yahoo.com,2020-03-06,10000,0
dc44d923-44f3-465e-85d6-56f693bcd1a1,Carlos Xiong,$2b$12$IxNp/.rY2UXgzhFXQTfEw.HqhQAahVPVVTW0eSXOSZtU0cPXNLa8i,egestas@yahoo.com,2019-05-06,10000,0
88155d0a-e964-4a55-bd51-93f356654418,Allistair Yang,$2b$12$dijaS1kIjazyg8041HaLzeyoViwwsQ4PCOFulMjfmojlX8QJK03Pa,et@icloud.com,2019-12-15,10000,0
b76a28fe-7a14-4fea-872b-547f6eb2bf37,Simon Mason,$2b$12$BNQJn2QufbJLgkWsHK1iWezkTKsblZPCAnU4E7n8.Ou2znpMEm1Fq,vitae.diam@google.com,2019-07-20,10000,0
3863e123-dbf7-4b7e-8ccb-86e2ddcd6ef1,Savannah Kwon,$2b$12$tcDRYk2fCSmR.TVJ6zDfWeXSCKDJR3Dz1OeWQDNZJWnYjll4qLVZq,proin.sed.turpis@google.com,2018-04-23,10000,0
951f0951-0dae-4838-9326-fbef80f5ae13,Amal Shah,$2b$12$kqok0RHDeaYPCnFOlG51ce8tciJkEceYUXUgA9sBSv173Rcu4Rhwa,auctor.non@icloud.com,2018-04-17,10000,0
f83dd796-f0ff-406d-8a5c-7bd25e0d9f71,Stacy Aggarwal,$2b$12$Hi2Vh.grYUHBIClXyaVpueZK2qANRbZG9QJoeHsITZQt6BrqYOe6i,placerat.cras@hotmail.com,2019-09-02,10000,0
17d707ec-e371-4acc-99b9-3f721826259d,Drake Harvey,$2b$12$c7UZyKfcYOfqVT1Pc4Bw6udl5zd26AkOt3c6767iH5PpKySnjcPHy,cras@aol.com,2019-04-29,10000,0
84f67801-b437-4d47-b18d-83043ceb9922,Xantha Hamilton,$2b$12$6I9QMr4DZN6f4NkPzgfUauRnYHReNsCQ8nJokjj6fy4E1VFsifE7S,in.tempus@google.com,2019-11-27,10000,0
feac1834-0c38-4c18-83c7-d6dd8864f42b,Arden Russell,$2b$12$gIFYb1G5s.9B699LCRWENuk3.0F8PIReOpZVdwNuGF2pcEwPvFVum,vestibulum@yahoo.com,2019-03-03,10000,0
92c40578-9df4-4ae5-94fa-0061dc388b16,Damon Muthu,$2b$12$/0zht1byCuOILen9.FAgT.El6CoaZDte0z6zvbQwn9JBla8ijdFuG,dui.suspendisse@icloud.com,2020-03-03,10000,0
d8da513b-fa47-43d6-a518-647c0d1d9a19,Wallace Sahni,$2b$12$MG4TTVDISh9fwELiHWg6a.6QNueB8.IWDBUCEfmjx7jlM35h78506,porttitor.eros@google.com,2019-06-03,10000,0
c1a70165-59d0-4d8f-ba63-f6b77e31ce64,Jayme Bhat,$2b$12$2kFYanog/6MYur.vu/bSJ.SH9ma5OCzaNddp0IU90uAKhvFNEfa6C,lobortis.tellus@protonmail.com,2018-06-29,10000,0
e00ca007-38ac-466e-ac93-1d112c323801,Catherine Fields,$2b$12$rosR4ajDe0YBBZCM3Zea2OMnrlSddZbNv13kE3SKMt0EO.VdQ.dry,mauris.sapien@outlook.com,2019-04-21,10000,0
aafd69cd-4c58-41be-a1da-831da674dec3,Catherine Kum,$2b$12$2.AKM81aWc3buJFPUjF0JeleRWPivhko3HfNfcC5r0b02P07o8yKW,nec.imperdiet@google.com,2019-10-09,10000,0
3d33c8ab-5ee9-4286-9ed9-8f3c742762fe,Caryn Reyes,$2b$12$M9wlogX7rTnCwcJ5W03XDeSqv5BKQNDx75RQ24hqbnylqgASbeRS.,montes@yahoo.com,2019-01-21,10000,0
67413628-ebe0-4a65-95d4-56f8b5c9ca5c,Montana Stevens,$2b$12$gJC/9QIWmenyEGWat8OeUOBy2ShXpIeKmhRXigd0YKHcugm7EGqq2,aliquet.libero.integer@aol.com,2018-05-31,10000,0
56ae41a1-441e-4070-8f59-2ce76c8a686b,Brooke Rai,$2b$12$I2Kv5HJCoM/KgbF5YCdQ4eG0EUdxiMgIbApWrIoLqcNCSGNnEuTMq,sed.tortor@protonmail.com,2018-12-16,10000,0
1d8740ac-3e80-4257-99f5-c7f735dcec64,Cassidy Torres,$2b$12$XU91UUmrlmq9qNX8qKj7GOM3Yer1Ua2588Cig.XnMKJdIjs.cfMvK,aliquam.nec@outlook.com,2019-02-05,10000,0
2a0d7848-90ba-47c5-90f7-e7408da37e16,Liberty Chia,$2b$12$29HQdk7nZs.y2EZvZlMIJumXKydxfgwwBpaXsGK6wpW6D92egCyW6,amet@aol.com,2020-02-04,10000,0
06b6a0c3-c868-46c2-9fcb-958df9c681eb,Chaney Liu,$2b$12$4PIaCrc7sRiOD20C0kzJU.YTwlGxhdc0p.rdWxek7BGf3bsddNPlK,pellentesque@icloud.com,2018-12-27,10000,0
1505c558-af14-485a-ae05-7b43d3abb250,Jackson Chen,$2b$12$/4uVkz077LnAvqQVcrb5cOjNeoPFbhgoyFAAsa0VM5F9y6IkOmvxC,euismod.urna@yahoo.com,2018-07-20,10000,0
c79bd0f9-64fe-4ab1-a812-ce182cb8946e,Wallace Au,$2b$12$vWNb4jEFcGJPNzfPuPh4S./8pTos4hM4ceaEyxZ7IkAV4AUP8K33O,nulla.vulputate.dui@google.com,2018-04-15,10000,0
9fabfe64-23c1-4d93-943f-297cd8b2c53a,Lee Mendez,$2b$12$o1mcTFsq2rHBWpIa7ayVFe.GjITvwBMoMUMR1.FLxBOrd5rrSa4Zy,faucibus@hotmail.com,2018-09-09,10000,0
38a12718-6c64-40e0-8338-2452cc3113ef,Megan Srini,$2b$12$s65ubd9YC6MDJoXrIxV0IO8YC2UB1xlr7HUrgIC.mbkYdNZMUr08y,scelerisque@hotmail.com,2018-11-06,10000,0
6803e2f2-d5a9-4623-b1af-4f9d592c1c2e,Katelyn Hoffman,$2b$12$IGzLfEEhCoqAZixxr.EbC.Xv6SKP/AqVHvgvjWQfu1sPc6x9/cEYy,ut.pellentesque@google.com,2018-04-15,10000,0
3680f30e-1028-4ee9-a606-802c7b905273,Reece Tran,$2b$12$nUbq3TmdqQUsV93k9Q92/ev.RhmIFbuKWlInduu/nFPceffDvjQU2,dis@hotmail.com,2019-03-30,10000,0
92446841-7e8e-4529-8bdc-d750dc44a91e,Evan King,$2b$12$u83Mh7qcnWiIcLYBBWQK7uuiXNzk2UP6FAboRSlLCp4.pFHl3cPjS,vel.faucibus.id@hotmail.com,2018-11-24,10000,0
daad957d-ff53-4707-9407-586f80a6b9da,Alana Verma,$2b$12$uyO6ZxFLasWCjXRTPZYuFOCMwfT0wHtLLt1kSp3XaP6IXggNt8LqS,elit.elit@hotmail.com,2018-09-14,10000,0
7a488a6c-260b-4d1d-9343-d2d03317a72e,Sylvester Mittal,$2b$12$o4.jQFLUjwVoMMD89JDd8unUt9KVKqDh4/8BzTnjnUyFIuCXNqpte,eu@icloud.com,2019-07-24,10000,0
fe83286e-4b1f-4e37-9cf8-93ccf9c66ebb,Octavius Wong,$2b$12$AsgpalnsX4wjDkkI/sg5POoquYDUZRAP833S8ZzzucVQqFMTTLj2.,ac.orci.ut@hotmail.com,2019-12-11,10000,0
11f20590-1e31-4bac-94a0-fe29ee56a3e2,Venus Subramanian,$2b$12$eVUL/iM6mPv5KLb6aJiIKug.KroeA3ZDPEgO1uppnnSwyYqaFY4Ei,elementum@google.com,2018-11-02,10000,0
de578504-c54f-4c6b-a5d7-8cd2160aa6b7,Sawyer Ford,$2b$12$1fmP3cc6GyaWmSAwLIFkXO5xAGTLNDTzxV.Y8VtKes5unhPUqhD3y,iaculis.nec.eleifend@outlook.com,2018-06-01,10000,0
90abd301-900f-437a-9bf5-373ccfaec289,Farrah Scott,$2b$12$YTe4cDyxxHKlnSJjNYKG1.zZfogCqCmZjzITV3o/kxGFeyxaFwYV.,at.velit@yahoo.com,2018-07-17,10000,0
60056943-2772-4b49-bdb5-a91e5904b7f7,Dana Sanders,$2b$12$mMx833J7virHogeESZSwseK0PbV5isRTS.ud2JiBuPFw8NhnaAmES,in.tincidunt@aol.com,2018-10-15,10000,0
23911cbe-b454-407c-ae87-8cfa7ec17136,Brenden Mittal,$2b$12$dhE78SOtkNwM5fPknOWaduIuBqNXPBXbCQOQAQ3NsQj3TkJ3UlE7a,ultricies.sem@hotmail.com,2019-01-07,10000,0
aeee0a39-e0ff-4fda-a9b4-c73181de63ed,Mari Loke,$2b$12$7H7M3wvIxjr8P35pADx.Hu1droANCYco8M0SZzA2ZimrJr1X7t/IG,facilisis.suspendisse.commodo@google.com,2019-02-05,10000,0
0fd81a4c-f67b-4b25-bd82-1ce943de9c1d,Drake Espinoza,$2b$12$ErzrH6b.ZKzqLk05rNRepeYwDaQshXWkEhuePdO4WEy6lQM4PmwoS,eleifend.non@yahoo.com,2018-08-05,10000,0
3484bc36-84df-4404-9eda-1948adc24fc5,Sebastian Watson,$2b$12$.34GuK1bJW.vzATzIKcfbOMP1b7FgC3fI0ePfFvPJyayqQtxtkyKq,ornare.fusce@hotmail.com,2019-12-04,10000,0
9cccbc4f-c7c0-49cf-b74b-4751e802e208,Tanek Rastogi,$2b$12$wJboeQz3K38KIRKErQmBWeJ6k0zPqm52rU66hrkuZwrMTyCo5ZdoW,tellus.id@icloud.com,2019-12-23,10000,0
555610a1-b94b-4c6c-924e-51449e04c011,Desirae Chakrabarti,$2b$12$HwiMIkMMBnj8M0ED/ZLkAupATbrcAnqnZnM406hwoVxRtvzI.jvJG,bibendum.fermentum.metus@icloud.com,2019-12-06,10000,0
3c4f5e12-9641-4c82-9f90-1c7699f1bdf5,Dolan Soon,$2b$12$QfRw8GfXVaGCx/Ius7KA7.t9tjGGh13pCDIw2oO9ef4xm5jk3gHdW,aliquet@google.com,2018-12-24,10000,0
bd118576-8907-4a41-a5a5-a2c575bf7b71,Stewart Foo,$2b$12$1Y0CQJ7eqlJB32fMLiSuhuS1.mW8EwW0i7NSL3x1pWecLfbZw7.E2,scelerisque@protonmail.com,2019-09-08,10000,0
72b83068-f785-4394-aa4b-285aac9627fa,Rosalyn Sethi,$2b$12$gWl/o96iDF164UdDTgOCoONXIbE01h8/YGVvwPzyxOsyU43JPC6oi,cubilia.curae@hotmail.com,2019-09-13,10000,0
b051082d-7a54-488f-983f-8a21656ab934,Jason Knight,$2b$12$jtoGx0QkbwpuKeNp7W6Ah.PuwryPJo7H9G2JKRf0hAJf0q5H6Co3G,adipiscing.elit.curabitur@yahoo.com,2019-12-10,10000,0
aed74943-ff98-4264-b703-c4ef8535a261,Angela Xie,$2b$12$xxfpTFkl2r2j9wQ/M6LFP.WbgeC5GWWmhZrKihH2PabEffEw5zcjO,viverra.maecenas@hotmail.com,2019-06-30,10000,0
335a5c53-1b46-4be7-8709-21714cece217,Mira Cheang,$2b$12$N.LXXxGsYghKdkOAxc1d8eyFD6Xjj8IOLXi/hmNNsLureoEkYPHKK,tortor.integer@yahoo.com,2018-08-20,10000,0
7e118dc4-f516-4577-b20d-9ecadc0203a8,Malik Rana,$2b$12$bGFSAglrfPMcrDWPeuV2f.r4usdfAIbeOkvWZsEZNbaT4B2I48gsy,orci.tincidunt@outlook.com,2018-04-26,10000,0
768ae436-b2a0-46d9-8af5-228590efb80f,Bevis Sin,$2b$12$jNwEx2K750KmMATvm3FUu.ws9gN9WMtu5rx.rqm65kA1JOJ/eof8G,tincidunt.aliquam.arcu@protonmail.com,2019-01-26,10000,0
94a62ddb-388d-47ea-99e1-526989120572,Breanna Chander,$2b$12$6KsB8/CExHvdHIy1xuRlbO9EUfB4UAsyR04CNE7NMnzvq9xEICJIS,dignissim@protonmail.com,2019-09-19,10000,0
afc26087-7128-42b3-9a8a-b549d01bed69,Ciara Sudha,$2b$12$QO6NF1v7u8iO1zJujOwtc.jwjsbSgVW2hxQgRwhJpiQJXSux15OJ2,mi.aliquam@yahoo.com,2018-06-15,10000,0
ef3f74b0-8020-4bb4-9615-b3be371134bd,Inga Hudson,$2b$12$yv4hzRhDH1aAS566GyhEOuEZt1YOHKJRRXFH9weuS/pbPyTuUzpQC,euismod.urna.nullam@icloud.com,2018-10-20,10000,0
f3d8e750-884f-4f0a-b09e-e6192e047378,Garrison Vasquez,$2b$12$65PwSPoJJj1raXd59.cRFuOWydxTjlzY6yies8B5b3N.LGhv825/e,nibh.phasellus@outlook.com,2018-11-14,10000,0
11e614d7-e0ce-4414-bcb6-680a110c2b51,Cathleen Sim,$2b$12$DHh70JYBED4Y23z2M2Q7HukuYVOO8T4Rfv8qiYVOm3bDYjU4GLpD6,enim@hotmail.com,2018-11-25,10000,0
3a98ed85-ef6c-42e7-b043-ec054eabfdfc,Shea Rai,$2b$12$ongPslk8uweTayicfWB4cuRcLtPgZs5ad61pRC.ESDewzu5xJ07nO,dapibus.ligula.aliquam@yahoo.com,2018-05-30,10000,0
9e4c6510-d19a-4189-814c-d414020c1e02,Iola Chew,$2b$12$8Zx9ryhKiZpHHtuJXrjzsua45Uk/q7YTUIwiegzy3jwV86L3rWCSG,convallis.in@hotmail.com,2018-07-16,10000,0
dca9d373-c49e-4bea-b571-bcb572b292df,Jelani Jones,$2b$12$SftkNRUgf2XSSdZgJxhLTu8ElQb/.IiHXkEir4Djwqb7bs8wEffiS,amet@yahoo.com,2018-04-07,10000,0
cbb74383-b58d-4d41-9207-b4478fb9dfd5,Burton Fields,$2b$12$ngi6DRuihxk3amea0i8j6OSr8PIG/yrfIAz7E6jA9bSPb0KgCra9C,adipiscing.elit.etiam@icloud.com,2018-07-08,10000,0
1bf02788-1cf5-4c52-89fa-8e7c6d963f50,Dean Long,$2b$12$KL.njyK/tV2eCbIPcqRrMOMc8wx5A1BXbXoj2NhO1/Vy13OjCRUk6,elit.elit@google.com,2019-08-03,10000,0
955eefa0-2018-4ea0-a9e6-fe62efcd7090,Rowan Thomas,$2b$12$VME8mLSt8w7j5DCEWAm7SO1q0aSPabsLVwCHfkVN/0lwt2GuFSaxa,et@hotmail.com,2019-04-30,10000,0
bdda8f69-fa7c-4e76-8766-bdb5ddfb9d41,Marvin Zhuang,$2b$12$tlwmfY7EEDPC9kZl/9zp7OV7Vss/PG0nXCZz5F/FawZ8m1A8T7ZpK,eleifend.non@google.com,2018-06-25,10000,0
c7d434cd-dc55-461d-b46c-6e584b1cb08a,Vladimir Xiong,$2b$12$VLAvQsFb1cC.f59Ew52eJuM9vLXjvJ5KQ7tLyb1KZb0n.aMb8y7Ae,sed@icloud.com,2020-01-24,10000,0
09703ffc-7f5d-4847-86a8-bbe6d23ab7a5,Karen Nirmal,$2b$12$EFScjFz7ae85id3ZmkUlv.uziwTKh5OP4dALVFEoCKHfYAprBtUCm,et.ultrices@google.com,2019-04-19,10000,0
61e3f7b3-d0b1-4cef-80dc-4d1ba62fb6de,Stone Ong,$2b$12$EZPOU2yqOfo3zM8MYHYHUedDzdCuGItTINoQ6jMCe06FlEZGmnytu,nisi.aenean@google.com,2018-10-24,10000,0
9232ad18-aa67-4932-b753-ebba3f752f3f,Darrel Mahajan,$2b$12$vHI/0aOihDhb8QSHTabDKe06kT8KfsniwlxpazJsV.wvgNIzz9wKy,eu.dolor@icloud.com,2020-02-21,10000,0
90b21a43-0d34-496e-a78e-3b921c3fded1,Kaye Zhao,$2b$12$3gh8c.7jXiOwc3L2DtJ6ruz.vmG8jXx4d4aW4rSkISWF2ZHOD3mJ.,euismod@yahoo.com,2020-03-21,10000,0
7eac2614-552e-4099-9a3b-b606049da2a0,Phoebe Goel,$2b$12$pwSi1BMeEN2gw5RuhfPBLOwVRLgvMvH3aBb95ZfC544CJnL9R95ce,lacus.aliquam@hotmail.com,2018-07-25,10000,0
b07ebf21-6e70-4f9c-bd0a-21341d2e5cfc,Malachi Sehgal,$2b$12$bGPHC5rjjJI11wkPuW/7H.6rp4S2jW5Ixh1D.NNriobwzJKoErQxK,sociis.natoque.penatibus@aol.com,2020-02-27,10000,0
a92eac8c-aaa5-4317-a311-9164872e8c41,Georgia Krishnamurthy,$2b$12$g242uwfUAQpUCU218i6AXuqsfOZ6Fpo1djSCEqQ75OdSb208yKRzq,enim.consequat.purus@protonmail.com,2019-02-14,10000,0
aec6d2de-b0e3-46a4-b1c4-edec3780909a,Macaulay Sahni,$2b$12$8lYq0g6OeioNxHy/uj0qCeO3X.pS3p/iAu7MCRmmziZGZcRBMU86u,et@yahoo.com,2018-05-24,10000,0
d814731a-9715-4416-97b2-87f0ab9485e1,Preston Heng,$2b$12$sBRQ0aqg/RwgPqC9gAoO3OUQDar.fHUDEVjO2feYvOiIBepJVoiqG,eget.magna@google.com,2019-11-16,10000,0
b57bb6b4-03c1-4c27-9c5b-5bc85cd6aa17,Mariam Pei,$2b$12$XEmGZ/2pLrosxHZPDV8Ew.hqswgdzoZrX3iE2Xt.KdjdkLWn2Kq/K,consequat.auctor.nunc@protonmail.com,2019-06-12,10000,0
48b70832-1f91-439b-8288-07ddafed8467,Abra Subramanian,$2b$12$EJFS6CSlxYDol5OwGaYDm.TVy7ZWko0v1w4sYRwkdkYihAUrMeKaG,sit.amet@aol.com,2019-09-01,10000,0
e2c8eb9b-0e8e-40c5-982e-79a22a5e726c,Leandra Hoffman,$2b$12$SxJ.VH8SoGf5WRP0hylhJ.OOOUdh/5Kaz1VTUkqTPpmv2vAScAJj6,tristique@google.com,2019-11-08,10000,0
5b5cbc64-b525-4ef5-a37b-2de8bdbf9048,Kirk Leow,$2b$12$ToBwdp3nvAN/iPfTdEjoE.z86v1hq3XYd5HfOSs3w6S9okQAuJSYG,sed.est@protonmail.com,2019-08-20,10000,0
92f6ca49-2e99-4222-a189-ae70e20341cd,Shoshana Nelson,$2b$12$6uYwnWqUQi57IRTWpklY0ODmMhf0U5vSY1pSRh9j10EyBuUJ21zjy,fringilla.euismod@hotmail.com,2019-04-08,10000,0
29003fc7-e7bc-41be-87e9-b2a1c196a497,Uriel Mehra,$2b$12$mSgakq2IpB4lRHrCiDfI1ui0mwk47Awhk6HazIWbgY.eemnVg7RXi,a.aliquet@google.com,2018-12-14,10000,0
be03d560-b19b-4a44-b601-4e1f38ff49f2,Hilda Rajagopal,$2b$12$qzbh1qqDs2WG19PSO1rk/OKu20pgoS4XBc57CzEEsBv53JtDOHQRy,ridiculus.mus@yahoo.com,2019-04-16,10000,0
621db76a-7f1e-47cd-a874-df493780b16b,Winifred Mo,$2b$12$q9uTSpCW6DFChbht40kM1.5Fd6SdgDIVMUU.ZU4Hbvp9gC1vsBZRS,magna.et@protonmail.com,2019-06-26,10000,0
a6b03bff-6e67-4aeb-9b77-0b73c220a1b0,Nola Black,$2b$12$vs39ezkZpuuaFS9uHQ2cu.wSLSCDq9pr4Uusfjf9YFcsrEp6B3Aq.,ut.nec@google.com,2019-01-22,10000,0
f689880d-ecd6-49c1-b393-1469c38f2e91,Tate Wu,$2b$12$Va4jlOZjtYO/cW/DaSoZReuVHLrdDxSzmnsD/1jaVIr8hCWqVeDze,convallis.ligula.donec@protonmail.com,2019-09-20,10000,0
0ee134b8-61da-47fc-bbae-3a6aac078542,Channing Ranga,$2b$12$xSTPczAjqBFYiVJ127.ulex/4u1NHgwjRe/SRlstEJIEYtAe2OrKy,nec.eleifend.non@google.com,2019-05-22,10000,0
bd502093-4b05-47b0-8d26-db89bd1ee19c,Aaron Nara,$2b$12$VXKGZVyclbcwAqTxNmxmVOI4XHMa/umTFNsg4bJ.S1h8ONUxgGMZy,sagittis@hotmail.com,2018-06-30,10000,0
63bcbe28-fa04-4c01-82f6-e18097d3c282,Tate Joshi,$2b$12$jTQBr8e/qPkzMDGZy7Q/lOZPkbe.xZ.b3X3KvbJn4vjPU.62fYAMi,consequat.dolor.vitae@yahoo.com,2018-09-11,10000,0
98f771b4-061b-48b0-a5b6-d4b174ba1f10,Hall Sun,$2b$12$.Q7.Eu/rHxeaQylRPcOF1.V3whuFjd5iVCihQF0Q8AtxB.lCH230m,tempus.risus.donec@yahoo.com,2019-07-12,10000,0
dcc47b0a-3c32-460d-b630-293477302eb8,Sage Qin,$2b$12$2javC2qUlRhhrmGjLW5Qle2dnmLiCeVApnAXGNJxEtyFnleKay/SK,at.velit@outlook.com,2019-03-27,10000,0
566e469b-0a8d-4fb9-bbc9-05f9fa327a32,Francesca Veer,$2b$12$JvH48gpe1aO4a0aagnNXEOwH5/kjtZOyf9UZrLEAZWrgyFOfBgqLi,lorem.auctor@outlook.com,2019-10-14,10000,0
7c819c2f-1368-402a-8ab8-21db2a23f4ac,Noble Duan,$2b$12$FOVmnBUTd80w4Y.zl/hNkOcBvRJmrd6lSc0lauGpf/AS23DG0OfBm,orci.phasellus.dapibus@aol.com,2019-04-29,10000,0
b4dd1a91-20f4-489b-8680-b0353e33cc65,Simon Saini,$2b$12$UBqpEnFQGLD4RH.nDNPrF..VvNIz8HGf0Gt.1SAqycX6S86VXAoSS,pellentesque@google.com,2019-02-03,10000,0
5274c700-bbe0-41ff-83b9-d554690fcd57,Luke Neel,$2b$12$8gNZxp/77bw4gYueg7svZOjY2wHPQRHkaRGBYr7m7Lpofd2bbdPqi,ac.urna@yahoo.com,2019-05-05,10000,0
e48087df-1b06-4ab1-b79d-5e2ddf0a9bc7,Amanda Tian,$2b$12$n8iX7NKtXxfQs1KTCSkBxuhfyVppzMpdxBW3FTZnNxDTU5L26tbKu,id@hotmail.com,2018-05-21,10000,0
8cfebad4-8cbe-45ec-b10b-25ec8156200a,Nicholas Bowman,$2b$12$LpiIU2dgr3NbfHVvQKGfxekJG1Q98g8y9tfEjEk.67Y3cdZcw1euK,sit.amet@icloud.com,2019-01-12,10000,0
26f4ccc1-e468-4572-960d-f95dd0e0474e,Timon West,$2b$12$EPXuQwiTypaK6e9wJD/AqOdZ0CFew6QFBSiFaKKJhHk27ly00lGjG,quisque.porttitor@aol.com,2020-03-08,10000,0
cd00b43c-af43-4d55-a1e4-8945420fb0bc,Timothy Dhawan,$2b$12$VImbPwkhZ/jlZRaH/L4Yn.IB4u4Z9F5zMgz8tKes9CQdfonhuzLVS,aliquam.ultrices@outlook.com,2018-06-01,10000,0
08732867-bf00-4234-81a2-148a1209c141,Richard Chande,$2b$12$Ac55xJ8.qejBq7KnN5CyL.Me.amHWXrxCr7ZNA6Mc0VJAqyEHugSq,proin.vel@google.com,2019-09-16,10000,0
d98f78a5-4d67-493a-be98-36e7f7dfc03e,Sasha Sai,$2b$12$8CF8Vu9EfgZratTVsULVTeEuKVe9PuSuvo8yii9YgrQug37ZAqHi6,nullam.vitae.diam@icloud.com,2018-06-17,10000,0
f587a080-49cc-4b6c-8697-2a46f294a07b,Stewart Bi,$2b$12$lNJP/BeUeim/QlX5b65xY.v08WXkzndFwTZz1Ixn8vUv3RSL2fW22,mus.aenean@aol.com,2018-08-12,10000,0
583fe194-451f-4063-be99-9caf71a54cb2,Fulton Tay,$2b$12$FlqGeV73jPyMduULiCXbzOUjY4SIIAKOeK6wxzIN1dfyMkEM5LmdO,nulla.integer.urna@protonmail.com,2018-07-23,10000,0
a68bb842-f49b-4465-ad3c-eb35ae050c62,Patience Narang,$2b$12$PkLKJxz2Y6RvoSDdPZDazuKR.PJ.z5tQdzuoX55C..9Zo3fg.IM3K,et.magnis@google.com,2018-09-02,10000,0
e6adff09-8c52-46b5-942b-f878ae558b16,Todd Pierce,$2b$12$iBscRj5DcGLVEOIGMTie4.LUqCqa.HMJcZHaWr3WcHDxTDIx7EHw2,vitae@aol.com,2018-04-26,10000,0
4dba861f-2b21-425b-8000-08cd1ee6b18a,Eve Williamson,$2b$12$6Qi3I/Htc67gI/CQlZkROuTM0IOWm0DW2RA/Lp5FJdYl3A4ZJQxUq,eget@google.com,2018-10-25,10000,0
c58c2403-2808-4185-866a-fcacf3bdfd72,Judah Mahajan,$2b$12$SzzOCs26ffuaRyvZPr8chOhsGBvYNqZG6CWMJdBccNakoQVTt1q6e,tortor.at@protonmail.com,2018-08-16,10000,0
87e94eb9-d603-42db-a4cd-238641b4c1d7,Abigail Sheng,$2b$12$Z/pT992kqRJXDo4tuc.3suI.x9I/T6ICYygeJJblNNloN4QdYnu5y,dolor.fusce@google.com,2019-08-05,10000,0
7c9f5ff5-5da4-4753-b0fc-b5e2503fab58,Adria Mehra,$2b$12$9FhNN9mIQIRX5hLf1ctsEOgGs1rjkPg8w1.mXnUkNOdogXHKhf2IO,commodo.ipsum@aol.com,2019-06-04,10000,0
3686c32b-e20b-4bd2-b0a2-f3ff05a4f144,Kennan Foong,$2b$12$w863sh23q6W0FoiDpi4S2uo0jlocPY4zFt17peCDiMcC96n1D2SBS,ut.dolor@icloud.com,2020-01-29,10000,0
07711421-f1f5-4679-8c58-9f77f8b5f4b4,Ferdinand Kwee,$2b$12$92GdTguZCup5Y3j9dr3x6OS1GuYrt3mTV0VHHHeacmIVMcf1MrDMy,curabitur.ut@yahoo.com,2019-04-06,10000,0
8ee52dff-9060-4dfa-9e9b-1537e57f2c1b,Burke Jai,$2b$12$D2gopkGmhF1jV0njvtXLQONKvrle/d3rObLVq2I4VR5/mduSazetW,a.tortor@outlook.com,2018-07-23,10000,0
238007f4-5b29-4005-8c9f-c0b414e012d0,Melodie Sanchez,$2b$12$Hcu.J9w86DU9rU5pmVuhHuN5q4FLw5l6RXq.Vpe0EZdENqvW90mIi,cras.dictum@outlook.com,2019-06-18,10000,0
ebe65de0-44bc-4f43-9796-9ee59b2c50e9,Zachary Brown,$2b$12$S.htmcAygQc2wVuHmSTKlOjVOztNw1WkAorFLUmbso4PtT4pPC5dC,id.blandit.at@hotmail.com,2019-08-09,10000,0
9c3acf37-de6f-49d0-b2be-a53c31022645,Astra Mati,$2b$12$hEuR18nwpw5NRajTYvQmrelEeq92jaD5nECP59p.GLz7y0e/HV2r6,tellus.nunc.lectus@outlook.com,2019-12-19,10000,0
be21caac-ec7f-4d14-906f-a0a81b569b28,Paki Murray,$2b$12$0NirIzX5HvcVGzC0/MhXJeuj1H/JYcIiiiiy1Z11YqkVMESzf5gsC,non.quam@google.com,2018-06-21,10000,0
3ce5cb0e-aff5-443a-9adc-119abd074125,Charde Ahmad,$2b$12$PLy1Vli4V0Xrc5YXW0UYtO/aNFXcne8HfC9gG8UBpTGcS6sffL1uq,laoreet.ipsum.curabitur@aol.com,2018-08-16,10000,0
49bdf43b-b4f6-42aa-9aa6-3990b060d44c,Victor Soe,$2b$12$JDoKJmykKcTcTqQjSNkGr.9rGOifLvJKnpQg6kZTRjfyoGeVY93Aa,aliquam@google.com,2018-10-08,10000,0
55fb85bc-9ac3-40f4-9731-95d75c24bc04,Abel Herrera,$2b$12$qL4R/lTHt97h2Cd4XEkdxuPd7TAzBqoYwvXNGQqoAFhao0g3Bu2d6,lacinia@yahoo.com,2020-03-15,10000,0
acbc2e29-fe5e-4394-971c-ed7961c86170,Helen Woon,$2b$12$ZVrIqW9CaGr15tt1YN72dO279mopqAw06fh3wI8DRKGm9sPBbILQ2,ligula.donec.luctus@google.com,2020-02-10,10000,0
9cf58f8f-bf16-47be-b5e6-b8ab310e013d,Malcolm Manju,$2b$12$R2OvF0jDURmKiv.glgiRaeMFkA5l7RcwlVmAS7Auju1Mm5Gst5aZa,feugiat.sed@protonmail.com,2019-01-25,10000,0
6a73160f-09fa-48dd-b8d0-b258fa6a2943,Larissa Kong,$2b$12$lGnn7HUMet15AcAoV658VuUDk6zd1ie8qPzesPPuwL.bl1WqDRr3q,porttitor.eros@icloud.com,2019-05-14,10000,0
65cd0f89-c470-41ec-96b9-41fa98b4b8a5,Dana Lata,$2b$12$MqjErbHqJv6LoJ3w3wtS3OhT8mqJWChw8pW00y1YYnGaSbV/jwQjC,tristique.ac@icloud.com,2018-06-18,10000,0
bf7054ad-7189-4a87-bdbc-2b367874053b,Ashton Rajan,$2b$12$8QwDJdAyFld7hVVlA.AQ7OX82tf2cNmzhKfKtT4/iUGSJEmQLb.H.,commodo@outlook.com,2019-05-04,10000,0
ad51c364-cbd4-4ce9-b7f5-610d0af5ab01,Bryar Ng,$2b$12$/AjSCf6AHSPDOrDQTkqX6eMmC8sRfvOvWtXhuaalbtchboZ58TRl.,orci@icloud.com,2019-03-29,10000,0
e31b935e-7a59-4711-aac0-0e1097c8f215,May An,$2b$12$2Mk.mSUD2jUoHpygurg.dunFegbsda8isvZ1q3KwxqEM4YHMDhqmK,hendrerit.a@google.com,2019-07-22,10000,0
f654e483-bdd6-40cc-9269-9b14f78b09c1,Yoko Yim,$2b$12$vkdEpujB4tP2AuCroWhG2eVOEXmnXttV9m6nmmEfeVXqR6SYrdZha,convallis.dolor@icloud.com,2019-11-23,10000,0
8be88b6b-4f3e-4b9a-b69a-9e0ab3b983f8,Wing Kannan,$2b$12$KkTJkSpRWI2gtaMFC4pdUOGivogg8rQJ9kN5OOdFvRQ4iTg3HD9cy,amet.ornare.lectus@hotmail.com,2019-02-15,10000,0
505b2227-fd6d-4560-a2d6-81c4f3fbd0fa,Hector Hansen,$2b$12$aPEXvDtDtckZop53Orhq5eema1M0Kr0MK9JwgY8XlMflGpah4hgDm,nec@aol.com,2019-05-17,10000,0
3496d755-ffbe-4256-ac95-6b5e48557dd6,Duncan Alsagoff,$2b$12$n6P2Bmzkt4l8tvQTOCD4bO6o2okIroMq41xOVuqUkbHtquwQbRJpe,at.auctor@yahoo.com,2019-09-22,10000,0
08c68eed-c906-49aa-8aad-1f0dd35259bb,Phelan Park,$2b$12$wIZRsPID1iVhlDkmOh8dGuT8y/MtBRRkY3evfU39oRM6JRK1mdrhC,tellus.non@google.com,2018-04-30,10000,0
4bad9b91-25c9-4829-a25f-f641bc4f5980,Hedda Tsang,$2b$12$1ZTg8rovvQ.37p6dLADAkeC00ip5oL5IkiwwBQ8xHhFeKcpaYiNTm,tortor.dictum.eu@google.com,2018-09-20,10000,0
1ce9004d-25b1-4f84-b910-07e81162fa09,Kelsie Mehra,$2b$12$xiIAP5o.JRGQFGBJUbT.A.fSULZnNK0okjm9SjMwerB0J.4/sfhMC,enim@aol.com,2018-05-20,10000,0
bb593c59-f57e-44d9-85c9-b9db96c31053,Armand Roy,$2b$12$BEYIdolfIjW.SnTt0qzKyu7wqkAUqx0m1yEYe8Q1Vc6JIbzTLTcJe,ipsum.primis@aol.com,2020-03-02,10000,0
8440914e-f416-46b5-9bb5-31005f2235ed,Deirdre Yeung,$2b$12$U1wXVHi8X5rHZoA5kDlbuevmW2AW3yO4MPBjhnQh7G9J4dxJb85ta,in.at@yahoo.com,2020-02-08,10000,0
0baed70b-1557-4f32-aec4-8b5508ae3986,Zachary Gong,$2b$12$VaAWcSPZY/Z/or5YkJrLx.SZBC9iByD0CrNUzES6buKazCqocJc0m,nibh@hotmail.com,2019-11-26,10000,0
5a9a266b-e08b-4c31-b538-1dade118bc79,Allistair Kwan,$2b$12$6FBzQEcqkJKTXSdDemu8ZOhqTn3JVW2LR8UtqnzDfUICuv1HBIwk.,auctor@aol.com,2019-07-23,10000,0
2ddf47c4-af9c-4db1-8d11-990c9c2ad7b2,Ross Richards,$2b$12$LBCJGm7ZzE/k1LzRLv2xh.q1Pw3pldSb9KHA1Q7e/Q8219dkXSdc.,aliquam.nec.enim@aol.com,2019-06-23,10000,0
bdc585e0-a4a1-4e76-b03a-367b56d798f7,Alan Srini,$2b$12$RCAHWJikdDqU5LKTaSD9jOZ1O9ATEZCqVesM6X0/6OYF/dwauqzSG,risus@protonmail.com,2020-02-27,10000,0
553aa221-f98d-4ab3-a165-d643ea37a988,Stella Welch,$2b$12$Wv3t69ZSVKI.RWeTTZzzJeMc1crCr8LNVmRV68l.rKhmerHPDGWeu,libero.donec.consectetuer@google.com,2019-03-22,10000,0
66a3470e-fa2b-4a1f-a32a-24907b4ab4b0,Xavier Mehra,$2b$12$pSZmj/Ye8CaqlmAYufvOHu9/dAvz4ECuj7NSFt1J9yBQY05Y7NQKC,ipsum.dolor@aol.com,2019-09-10,10000,0
baddab17-54a5-4b7e-a6b7-8af9966a4ffe,Chanda Jing,$2b$12$TpTgK0iaEQaL7rQH1PIJSe.VIz6TN.bKFN2pt.BV.bk7Cb41Io02S,curabitur.ut@google.com,2020-01-30,10000,0
73331db4-fae5-42b9-adbc-7c963d18b422,Helen Chander,$2b$12$/UB7aoEyGY2kyrKy9ufMI.bHUXQfHfVJSIr9jWLYcH3ZSrgS9/DDu,nunc.sed@icloud.com,2019-06-13,10000,0
1dda9cc9-ee04-4073-bcc0-6b4787efbaff,Patrick Wheeler,$2b$12$acRsD/F0Bu8vGXi7Y.1fieRZ3/6aJNBDPK3TrYZWqr0SbVlILdDhW,et.lacinia@outlook.com,2019-03-04,10000,0
33f95fb3-a381-48d0-a207-171b7b6bc8ce,Wing Wong,$2b$12$zmKI/792flTaipzUXNJOg..nUCj0IGYR0EwTZqvZ6OlBYODawuAWa,sed.est.nunc@google.com,2020-01-29,10000,0
8ad7fa7e-5acc-4788-ac16-47d9b7a6310a,Wendy Tian,$2b$12$IUORM1D8sfP87w2912QKn.C92e46IK4543agelsVjj2ls6FVSk8jq,integer.tincidunt@google.com,2019-01-26,10000,0
3e7bbbe6-95d5-4870-b8b1-ef10787c46a9,Shoshana Dhawan,$2b$12$ab7ZBx/eCQxi0iY61MWIzu0gzIaDG2chLtoIhTJrIARfcgaMYq7GC,lectus@yahoo.com,2018-10-24,10000,0
5de950b0-b28d-4485-9b76-e05bfc2e48c2,Joan Mahajan,$2b$12$/Ko9gIsoMBOd2iaZ3OmxF.05z0G1I4yoAswBXr7rgzbQPkYE3Lyv2,felis.orci@aol.com,2018-05-02,10000,0
8ae5f414-e118-408b-93a1-6c8ae3da8adb,Hedwig Saxena,$2b$12$fySQgqm2dPj7w7GTESCbIODeLrx6tsbpxo0ZTpPkn5UZqCIjQXnBm,pede.nonummy.ut@aol.com,2018-04-19,10000,0
0700f08c-a134-43d3-8474-d42ae3f01d1a,Rudyard Burton,$2b$12$nLipSTKE6ahlqIieN6xD0ersIfm4RTC1m/et6CkUw6Ibu3Cbf63AK,quis.pede@google.com,2018-10-21,10000,0
8d94bc8c-9758-4be1-ba91-a3cac2752ad2,Sade Wong,$2b$12$fYZizWwj/qb4DZ45Os0TN.M7RisrAqf.0sqyOloAbvu4QD7z2War6,purus.maecenas.libero@protonmail.com,2019-04-28,10000,0
c6e11613-4355-4b73-af68-32762e912e1e,Kay Au,$2b$12$SPk9MNCKg3ANHGf4RPjUNux86E9O7CA9oUEuSCtMx9StCs6FnV8PW,quis.pede@hotmail.com,2018-06-11,10000,0
778d0ae8-5cef-4188-9058-815f26e83456,Aquila Manohar,$2b$12$H6f9acQuSv4BfqRnQKBBCeCDdGsXBSPw5u2TL38NnnezNQF7dhQF.,cras.interdum@yahoo.com,2018-12-17,10000,0
75025c1e-c635-4f34-8990-09eda7b63de4,Stacey Sharma,$2b$12$Kw99lrL7U.VNdeITGuSr4O53u9o9Tgrr9QnmNJnoZ6EZq.E/Bvw6G,eget@hotmail.com,2018-11-25,10000,0
d9d854ac-aca9-4cac-bc1d-e8e40a23d06f,Darrel Robertson,$2b$12$8fWpKKbP5mck83vtMBH3UeiQ329i/HHQRP4W7QtmnNPoHW7zah596,et@google.com,2018-12-10,10000,0
d33bfbf0-adfb-425a-894b-454781aa992d,Brady Ranga,$2b$12$e2vP.XPdwN4ZdfLVfC385OcwO67X4uNsnL3mbNp8Ww/YNzZiR3D5K,proin.eget.odio@yahoo.com,2019-10-11,10000,0
36e4867c-3614-404e-b428-5a480ec519e2,Lee Kishore,$2b$12$WqbPG0jQsrQv/3iMKgxMaekpmdI7n5QZwE8hV1dI6edJAjxz/7fly,ligula.tortor@icloud.com,2019-12-30,10000,0
ad6966e8-f540-4603-b59b-92050b26a35c,Christopher Koh,$2b$12$xTQDP/Tp6T8nBbXF3eDtQuuKx2qov6mcfSAe8jPq1NCz4dijlJXUi,at@yahoo.com,2018-04-26,10000,0
6ef55350-bef9-458b-bd1f-eae11be6de3d,Dante Uddin,$2b$12$G9yYb7/uIgG24LTmeIUp7.4NEjtKeZiOt29e17UNWXmsIf9C6ymCe,tellus.imperdiet.non@aol.com,2020-03-04,10000,0
6ab4bff6-e86a-40d2-90a8-977a3cfc31f7,Reed Garrett,$2b$12$ydKPZ3z8X6WcOVLxvtH0XO0QyV31JryiIIGxk7GSduy5xHP5i81Mu,adipiscing.elit.aliquam@hotmail.com,2018-07-23,10000,0
ccaa528e-3c2a-4944-af1c-9fdec20000b4,Thaddeus Veer,$2b$12$foHnHMWh7wSw.xTyg6POBO0HorYhu0w5.FxaOxShcbAgWyRcCht9O,dolor.nulla@outlook.com,2019-08-27,10000,0
e67a783b-43cb-40eb-80d9-bde3c840b87b,Dexter Adams,$2b$12$9x7oArnxA0FYPoaxE1IPI.TwvodFA78ocDSD5nCHhOi8s9mf9H8uy,maecenas.malesuada@yahoo.com,2018-05-02,10000,0
99b50126-7bbd-4cfa-a1b7-ba9d45ffa9fa,Sage Burton,$2b$12$uPfmhqkI1kYCwKo1XtRP8eiSkseGCc8l8reSn0dt6KEpVHHqvLpBy,est.nunc.laoreet@icloud.com,2019-11-04,10000,0
546e9f97-6a0d-4be3-84db-e5aa9cfc0ad2,Chaim Kapoor,$2b$12$w8I5xdZwNQiXVQb9gWyVou6ZQctN.pE4BnYd51bOkvxa5cES5gsV.,aliquet@icloud.com,2020-03-27,10000,0
f163caf8-b5c7-4cff-aefc-63318112c800,Julian Soni,$2b$12$6ht0.U0AxeBkngb6zxaTCO/CkY3jKKI5EYCyprSSAuTVTIFv984o2,risus@protonmail.com,2019-08-13,10000,0
2e2acdde-7272-494a-8de7-231ba340f615,Eugenia Lata,$2b$12$wt3s2lFmxayv8ayKpOgH3uZzBaAIbh3.A4hjaXmOG7j3H8Z1SRrZC,odio.sagittis@yahoo.com,2020-04-02,10000,0
375a9d44-7b22-4ca5-b5fa-c223331edcf3,Nicholas Cao,$2b$12$RmkjP7UgaFUQOyrX6YUWxePR.ogiOIN7gWSytBQggPmZCccZPac9K,bibendum.donec@icloud.com,2019-05-29,10000,0
6311eb2c-ce45-41d8-8709-cbe9a2be4020,Courtney Aguilar,$2b$12$EVGh3Wv3BzPZQcwCIS8YwORgXkitXsqQ9m.WtTpmAXP/iu1xaTLcq,sem.semper@icloud.com,2019-07-06,10000,0
391331f4-f3c6-4bf1-afc7-0976782f7dd8,Asher Kelley,$2b$12$dBiusiyS/hLA4zi4efvDZ.Xy.wnUVzRpmk2j8Zg71wJdM4VDqSRNe,aliquam.iaculis.lacus@yahoo.com,2019-01-15,10000,0
4ab88490-dd3c-47ed-a946-763b310ce8bc,Jessamine Russell,$2b$12$wL21mPR6kETb6mEGMTMADef04N5yoFGLYm3wwREls/LpgpkdarMQu,vitae.semper.egestas@yahoo.com,2020-03-29,10000,0
90d6c9a9-e5bd-42b6-ab4e-fba9decd9ffe,Malik Yan,$2b$12$wol2miUMIZGQBI8YFgOtd.ShKfkjFj6cjwhhSGEHEkZBZbBatrYjm,mattis@google.com,2019-12-27,10000,0
068f9b0b-6bc1-415c-aabb-20283c4431c5,Berk Brown,$2b$12$2TGUH/WtvniXpjoJdiDk/O8EgLL7kj1x1BtKEmzwS4f707W8HbFFG,sed.nunc@outlook.com,2018-09-04,10000,0
7aa1ede2-d1d1-444e-810a-a34959f0ec71,Zephr Seetoh,$2b$12$mrP7Gwp8r7RYXhXo/YUwe.YAwIwhpLn/K/PsE.qWgf3ZKp0K5CK3.,lacus.quisque@yahoo.com,2019-09-25,10000,0
75229863-4452-4c73-869e-0e1736945ff6,Claire Samuel,$2b$12$GIdun.xWymVGLAP6btUYAOAF7L7AU8hA2fKtzSQBlJbY6NdtBjARC,proin.sed@hotmail.com,2019-08-14,10000,0
8ad556fa-7cc1-4145-81be-38cde113816c,Troy Punj,$2b$12$/kDS5XDbSmjeFXvqyn2HFeCNIbAAsh.lsxhT9fIb.xrKE45lah4Yu,ligula@protonmail.com,2018-12-16,10000,0
79b5bb3d-0fbb-4337-8dfc-493fbe99d2e0,Madeline Chen,$2b$12$STCPGfHaSFdBA6s6/t7iUeD9XlNvIa3CPuSLHm6A8KMNWtdOiUv32,id.ante@aol.com,2019-12-27,10000,0
5907d696-8951-4024-95e9-db421da33c93,Hamilton Mehta,$2b$12$H04GKUBAVxnWFnLiuj6i9O1Vv0o1.LK/yPqnKE0num8RD7LswnF/u,purus.sapien@icloud.com,2019-10-29,10000,0
144959ae-6c83-4bc4-be8c-c84365d8f7dd,Honorato Franklin,$2b$12$gfpaiNir3aazyByepwIfsuP/9G2JdBco5j0/T4LZ/RXIa8.0VFK0.,lacinia.orci.consectetuer@hotmail.com,2018-05-12,10000,0
3e4c26e2-58e0-4e95-94f5-3a2200a71e5d,Daquan Seet,$2b$12$zoSrhWLDNb.mkBtMaSF2G.QcF2tMIhotPjJ54hLc4m793YBGJ8xoS,duis@outlook.com,2020-03-29,10000,0
8a1b1ce4-320f-42c3-aaec-c0374918d15c,Genevieve Ching,$2b$12$LiSzqJdiLgFMnwlJB4DlB.XLu08O4kswyLaWOyLmYHkrNO0JufP4q,ullamcorper.duis@hotmail.com,2018-04-21,10000,0
0b25ced8-1265-47cf-8c5e-6c506746765b,Isadora Tan,$2b$12$hbk/YXJ8FK5ttTqbnHdNPOtYK4pnjJkxGbsme7PzIcva/hznDxXN.,nunc.id@outlook.com,2019-04-15,10000,0
c4554519-6b97-466b-9db1-ad0987444389,Kyla Nara,$2b$12$HcL3jxPsZbO/fTYDWYkAquciy3VeNoG/DdNWrxtxsqpVgJx1R1KOi,sed.turpis.nec@yahoo.com,2019-12-23,10000,0
732d3801-3a96-4780-b635-4d730f401faf,Tara Nigam,$2b$12$RPXKsq/Ea3V3TKFb7ybARu2N9vX4FUvimwzLS5LEVbl/c4uWKmpKK,sit.amet@protonmail.com,2019-12-06,10000,0
4f481df8-49c2-4392-9792-c013362831ad,Felix Chee,$2b$12$eZgYAg87jGLiO1cn.CvkBex3HwaksJByyEg3XoC4qra4VKD4jMv0q,phasellus.fermentum.convallis@google.com,2019-02-08,10000,0
fb0edc21-3074-452d-bb8a-6e505e072698,Yael Manju,$2b$12$LCLfAKj/eZxnY/bU5Sa8PeOjeHKN92Z5myOg2JTT4nwlPUgp/zzJO,mi.aliquam@icloud.com,2018-04-16,10000,0
2e4f403d-03ae-45aa-880c-90d7c387a74c,Kermit Black,$2b$12$gj0V2tIgwj3LHVvdCSaqsenLA6YuNAS.yulcahAHJPEjB9/MDykxq,aliquet.vel.vulputate@protonmail.com,2019-02-28,10000,0
0501ed51-0ee1-43c6-8a65-a304c02693f6,Colleen Sandeep,$2b$12$KBCJfX61v42QtJIFYHgMeu45b2BiFklQB7.7Z/WN7B3TfAxWyEhX6,etiam.laoreet@icloud.com,2018-08-04,10000,0
f886328d-52c1-4932-9666-e4d73e21ec85,Cairo Srini,$2b$12$EhJV8LGI3u/7zXqYutwBY.YJdT636HxBlDEwZmgT4lnpm2ZRauLsG,justo@outlook.com,2019-05-24,10000,0
506c0c8a-eb44-436e-8533-105c5a9dfbe0,Abbot Hicks,$2b$12$8iTD4BVORL3FHkRoJYFZE.kI6FpGQ/076saKiQMcHGJdYyK0ezun.,adipiscing.lacus@icloud.com,2018-12-18,10000,0
9647b703-18d8-48bf-b213-a10954a5cfd6,Allistair Goel,$2b$12$Zr8SJjxo0DzUiCKz/cyvwuuXf3vJrxMoeARjd08D/OR0xVFCLb34W,faucibus.orci.luctus@protonmail.com,2018-10-27,10000,0
abf93178-f615-411d-8360-555051ce30c2,Leah Bryant,$2b$12$15vclx.0wvXAo1aHL5YR0eE5PB8titlbLc4yvuwJYeSI5B4H9iAWi,vulputate.dui@aol.com,2018-10-21,10000,0
57b41f7e-0fba-4678-8ce4-6fcc123dabc1,Mark Tran,$2b$12$fjnSPfCF76p7LC1sUCaQBO0HsDyWeezdb8G.PY6yQkkEJMYce35UG,gravida@aol.com,2019-07-26,10000,0
ce339bb1-27de-43d1-b874-615cd0054726,Isaac Baker,$2b$12$u.yoaSAQSb8Og1rdrSyiZOoHKhyJ7UCQV9N3OLJiQ3.LjTcNXaUXy,placerat@yahoo.com,2019-05-06,10000,0
84f8af78-0431-4928-849a-8096bef7e4f0,India Schultz,$2b$12$9A7Ll2eq1NrWwOdtB0WX9./.usmt2LkKeytW0tB3P0XjvExlBn9wm,vulputate.risus@outlook.com,2019-12-03,10000,0
eb980af2-1c5d-4f89-ac74-19317f6eb457,Brenda Bi,$2b$12$N1IPU0lQ7ocQrgpVwpB/2OJIQMDJXVnDacY0Cruv6iINQ1dcvC.em,vitae.aliquam.eros@google.com,2019-12-31,10000,0
40fc01c0-8f6f-49ba-80e0-3b083d8fec9b,Larissa Nguyen,$2b$12$ia4D2klkXH0Du5dTzrFnx.XWzWNCxppJeyxhIndJMlia0ANmeuSS2,aliquam@hotmail.com,2018-10-28,10000,0
c16e3688-4875-40ce-ba1a-68b0aacc75ac,Hu Chander,$2b$12$U96BVoEhsiRxiFFc8SPxXO4743kRtd8.1ki0vAwwO5CDQ1S7g6Buy,magna@outlook.com,2018-09-15,10000,0
567527e3-43cc-4557-a953-c2022c67a4eb,Talon Patterson,$2b$12$Q/3KRsTHJadxxOpha0shdurerB7JzcbHVCbX/SSumchdyxK0YrwDa,nibh.sit@hotmail.com,2019-12-16,10000,0
9f39db50-3daf-4473-8254-da44fbeb0811,Wayne Robinson,$2b$12$9vasKE1Cb3/f/GqFNrJa3eO6NFyVHzDTqXIs54brwd4QO2gm0aXre,mi.lorem.vehicula@google.com,2018-10-24,10000,0
b5961a78-e774-4e04-a679-9757d614bc5e,Molly Sullivan,$2b$12$V0u2Z5wUkDf8KI.niDWEWeyKj5oI6bxPVxWBgAQq9PFONpbZnqMZu,auctor.vitae@hotmail.com,2019-02-25,10000,0
6cd1bec7-41db-4eac-aaef-011869f8c90a,Denise Chaudhary,$2b$12$L2Y4Jf19CkdTwwaN2qOfLODJJ/wpFhNHyzfnCk6C8g0Yfvn7fMqDO,auctor@protonmail.com,2018-12-23,10000,0
3c3629f2-0083-49bb-ac2d-0e8a41eb45e1,Kenyon Harvey,$2b$12$ao6HsTin2KD4fWunl9owU.Ipn44kVB0CvGp1P3YJYmyz6aKheJqAS,eu.odio@protonmail.com,2018-08-07,10000,0
b378c16b-cc76-496f-bca1-937ada226e00,Xyla Lawson,$2b$12$HtD1XHKuG7Ac8CbzaofoL.UlYOBrJfKZYk./W7jfBtkFjXhWPE9yi,ornare.lectus@protonmail.com,2019-12-03,10000,0
d8cee454-e8e7-4067-81a3-750f6d7ecba0,Quintessa Lwin,$2b$12$BUYfzo1LGqcnSMpo5mqq5uVhS0UnUBEvTSfrGZYWuAH.OmbjzAitq,gravida.sit@hotmail.com,2019-07-03,10000,0
f8692c25-7276-4ec8-8f65-31cbb0f03bbe,Daria Brooks,$2b$12$Jy1woBnVOVa3FJF8tK/jYeSS1CVLiaUeiXe9BeNnURyIHQqaPmrS2,id@outlook.com,2019-07-12,10000,0
4bb9c8c4-f65d-4f01-9e00-ef42c549a605,Garth Hong,$2b$12$qx3IujI9Efo2WFFs9c9vjO60FR2ZSKEeyFYeuu/NiEWgQ5oeIdgmy,aliquam.ornare.libero@google.com,2019-11-11,10000,0
c93efd1c-1bcb-4cc4-8c40-d9254a1ec909,Andrew Williams,$2b$12$M0qbSIwo4Nl4LviodEF.GePIVlVxwSSxldEAB1f.bELdtvrqtk5c6,mus.aenean@icloud.com,2020-01-30,10000,0
b9de15e0-b037-476a-a58d-2050186d0283,Ashton Yap,$2b$12$0ELJKCYaotTo3.oBQNFQCuieaR.pfJrD2GUSidF.gqa8SyFfWBbaC,fringilla.porttitor.vulputate@protonmail.com,2018-07-11,10000,0
cd061cdf-4222-4c4a-afb3-d2f239ab7fb2,Brynn Zhuang,$2b$12$nw6n17rrdy8MSPsv.ftUk.xjs93ITm0fOcGWSSVjK1tXeqrh30Xsa,justo.praesent@icloud.com,2020-04-06,10000,0
b1bf4479-90a2-4f84-ae58-03e7519f846e,Lane Subram,$2b$12$x1gSiDt3U2cGEQRhDMJexeLM4ErfbQEgOPhAN2rLc50tDSiQ2uSZO,tristique.senectus.et@outlook.com,2019-09-22,10000,0
dfc358d6-fc67-4646-89ed-bfca699df4b9,Beau Raji,$2b$12$wAfBAa3Gzci38.bveiWtf.nLk6V8H.X7ypWi0n41sxzlAFXtj5dny,sociosqu.ad@google.com,2019-12-24,10000,0
2699aaa7-87fc-48a9-9d3c-d07e85e88572,Helen Owens,$2b$12$04kSSQksFOy48EfEYuwdN.qbbxhZVstKYEY06yoetnDoiG5pqXKbG,ipsum.porta@aol.com,2018-11-26,10000,0
70a16a41-ad11-4553-bbbc-054f23746af9,Shoshana Campbell,$2b$12$glp.A9HTf38XC5aCd75Z1u7RjQhWgaphCxIBvQ0lrJw5BoPce/TMO,amet.ante.vivamus@google.com,2019-03-16,10000,0
3a115af1-c78e-4b2d-861a-acab764c60b6,Lillian Narayan,$2b$12$dVzU7ratdoLohV.SrOwxLupRCBfAWHPMeADF1mLqbtL1FGZI7V7Ou,et@hotmail.com,2019-04-23,10000,0
0b3641e8-8ffe-4cd1-98cc-c4589ab852a3,Lunea Bennett,$2b$12$J7G6ovGUvdOknmcsquX/lObE1ECbj6kjMEhX93zcaC3P8hEgYGiMe,duis.volutpat@google.com,2018-10-31,10000,0
bbec791c-b96f-4e2e-918b-3558469daeb5,Deacon Narang,$2b$12$fjSxvZUduqmcBPB/7I/squrUD2RuyFWXPRpOkcpQbpcPhQKi288kO,porttitor@outlook.com,2018-07-16,10000,0
21e5cd00-df7f-4f8d-a5ab-158bdff0014c,Aspen Davis,$2b$12$2i3GdBBm879HRd6eBg8sO.FXevm7PRJHcOn3LCJOv/ZNhQMKUZ.vi,sapien.cursus@google.com,2020-03-04,10000,0
6e632b01-f4ef-4a71-9a72-e053a4a2b4d8,Bree Jenkins,$2b$12$2ot1r96Zchpq5zPp2P6VOezQeM9LWDojKrBHwbEYZipXFT3ObiMj6,id.sapien.cras@yahoo.com,2019-08-22,10000,0
93286ca8-cbfc-4686-bdab-266d7d2da288,Tara Subram,$2b$12$cw9Yu7Gm1XZkMdDsPwW.XOU3yMSmr42/i1HSqs7ijg1X80y2E3PBm,justo.nec.ante@aol.com,2018-10-22,10000,0
41c4aa83-e220-4c6a-82ed-70a76406e2e0,Virginia Yang,$2b$12$.TvTWCMBGP9lAFczoSQUSeELlsTq.3rkk5j3a8S2TJMj4nUBqCNsW,vulputate@yahoo.com,2019-04-07,10000,0
a7c6cca5-2777-4ca8-b2a5-fa7b7a8f73d6,Sydney Chauhan,$2b$12$CvhtgCfUAAIgyZ0xzQ0TbunzrAn34SE45d/nf/WzW3XxzPDkp7p86,a.tortor.nunc@hotmail.com,2020-01-10,10000,0
d148e913-18a3-4568-8d15-ed6b278d946a,Ginger Ganesh,$2b$12$IchF/9xPCsBVUZoTHzkh3ebsZVM7sVTOF/wM8EpvZdFExvvS8TtWC,praesent.luctus.curabitur@outlook.com,2020-02-02,10000,0
b08d3061-405a-4136-af6b-d043ff104ff0,Kimberley Pawan,$2b$12$3Gn8JchNHNFiukyCR4IYsOfDgSrP7Nc0DM01XGxTmjfhITgIxggwG,eget@protonmail.com,2018-11-02,10000,0
8dc7e1a5-7195-4b81-9c28-d3145cb3e01b,Hadley Lopez,$2b$12$WnB/ewJe.W8xbQxFEoQE0egTW7CKzGJhmx58VKkS2ArsLCrMx6pgy,egestas.blandit@yahoo.com,2018-07-02,10000,0
28d67e8f-ed24-4733-abcb-0ace7d0cd83d,Hope Wong,$2b$12$rKdaZaVKVdo7m74C3h1iF.Kjpp8Ikh7x8y.FjRtKQYaXKKSAYCvZS,orci.quis@google.com,2019-12-19,10000,0
862f5dee-2169-48e0-8fe4-b8117c137809,Kristen Wood,$2b$12$tXwcgQmc2zqt8Xi33J/YFuHfUqOdx3pzizzA.4jIuUO4vcVuCANPK,pharetra@google.com,2018-10-14,10000,0
4ebb15f4-5942-425e-b3e4-39ad06ca127f,Alisa Fields,$2b$12$PSp4IO.pVUGMuyPXPBZi8eX1njU4GrEQyW8F9oP3orGhPDUtd5hAi,lorem.eget.mollis@icloud.com,2019-05-06,10000,0
3eaf48b9-3565-42c4-ac98-c0efee6c71c6,Xanthus Alvarado,$2b$12$Ltk4e3BEiL6J7a8o8.IjaeDUa2Up9ovFNMMr2X6.Sk6CK04lHWqde,velit@yahoo.com,2019-09-27,10000,0
40689d54-3d41-4772-9950-7addf38321f8,Marsden Harvey,$2b$12$Xzw7Hp3cPv8b/dC14o6QmOZPVf45lXAMDCj6eoJAI0F9mnyG97IF.,vulputate.risus@google.com,2020-03-26,10000,0
79af20e4-5f68-4835-9ec8-39a128787dfb,Noelani Soon,$2b$12$f6G.w82Cb9Yvd2AcS.AiPOui.ZHKm1IuOcMbUxHc2YldaD39Zi4kC,nec.ante@hotmail.com,2018-10-23,10000,0
3c3d531a-bd3d-4202-ab22-2e65342661f3,Cassandra Gao,$2b$12$WX5CzTqpD88WCUU8A4loTOnRxzPh3sXXZ00RkcDGswhgcdOFMLMaa,montes.nascetur@icloud.com,2018-10-17,10000,0
1bd0a165-49e7-4421-b41e-95f46bf5b9fa,Elmo Sudha,$2b$12$u0YtK5DT9ztVn37uaCZBjOqHOED8.vUp5Yo/Si6q13VzJ/.wBiYa2,fames.ac.turpis@icloud.com,2019-09-24,10000,0
d3ffd00d-8f03-472f-a05c-22aaabecaf7d,Brennan Quek,$2b$12$FtjiVSCl/jCD/tIMXGD6qOk.nIKR.lLGdpjoH8KhR51XtWyybQqUC,magna.et@aol.com,2019-07-07,10000,0
f8efc482-ec29-41d6-84d9-02c81b304b46,Tanya Naing,$2b$12$INFKvpMs9Ooxrt5X8SHbZOGb7zN4ABhGbYA1SjUPjZSkeZa7YQZq.,nascetur.ridiculus@aol.com,2019-04-07,10000,0
e046252b-850e-4027-bc16-1da8d9e76767,Donna Lew,$2b$12$kvsbzYGBVc0KqeauEpssgOh35.O142UnnTM3BSWxIUWVu763/ckTO,gravida.mauris@icloud.com,2019-04-11,10000,0
34d693d3-a7b2-442a-9a7b-1715bc8ce019,Ivory Liew,$2b$12$.2zKRQus5Gh2xM9J8J45teE2MwP3miLVX9rCbCao8vJ8pHMc9bfKW,congue@icloud.com,2020-03-18,10000,0
bad539f9-5dcf-4933-a578-0e63cadce2b4,Sarah Seo,$2b$12$ms4S1d9DtOOsLTFGlcRGzu24awNUT8NyXP/t52kfUZ.PFyyTWF4p2,malesuada.augue@aol.com,2020-03-25,10000,0
9400a55b-3ac5-4cde-8b73-3f4d72e4ffe1,Jane Shu,$2b$12$6FzCdP0rPVcI3eFy18dkuOMbDn0bJNocak07QKCTE6CLolk/fOP/y,vitae@aol.com,2018-09-29,10000,0
a67dcc6f-ea21-48bc-8ae9-47bf03b78847,Joelle Nirmal,$2b$12$DRWOhRnq2mSD0O98l8sNu.yXfGR2YcVP5jAFRAntHK2VIiL67ky5i,duis@yahoo.com,2019-11-16,10000,0
3d9e3e71-40a7-4262-8ebd-99c13ae8a31f,Martin Little,$2b$12$alc6njO/Vv6MLG/hpQppyeq048gX.EX8FekInQwhT5AlcAEIG8ROW,sollicitudin@outlook.com,2018-08-07,10000,0
38cea140-ed38-43e0-b542-54857437b6ee,Timothy Taylor,$2b$12$c/xIJW/ciDHq0hgBdVDY5eWDiu/xqFyWLOzdugacpxGa24SKl.Wg.,elementum@hotmail.com,2019-05-25,10000,0
4a75d66b-6f21-4023-9a90-9ed452901ae8,Dai Vargas,$2b$12$4PGIIqL/4bE1.j2EOugLmO11c5nNAS24Xak7lhA.lh54f8BmHhh22,amet.consectetuer@outlook.com,2020-01-11,10000,0
cccd6c97-349b-4633-9ab4-817318f92750,Colby Gilbert,$2b$12$tkDdfLUkWxFrXOK.4G3nR.Ikpk/Tus.N8btCD5i7xnAv7XqtKoSF2,ut@google.com,2019-07-15,10000,0
f509fe32-000d-4b4c-a348-05ab945e935c,Arsenio Jacobs,$2b$12$pPCHuEeJBcDSx9HR8jnMi.PHf60hqKi8.HbdcQL1DUIBRkWZrRYwS,erat.in@outlook.com,2020-03-21,10000,0
046fcdca-e80e-4b2f-8d01-e94e3c7624b2,Maggie Malhotra,$2b$12$UuuWNnkN0sXip/OWGt94u.P71uPFGoRr9Q3Go7xE2WvDB2zt9ZQ1C,cursus@icloud.com,2019-08-01,10000,0
ffabf696-a3af-4144-a308-4918c4f43e68,Priscilla Howard,$2b$12$IttM2XUnt50Ak9vevoPcVOoiWXk1NBbTNUN.sbYCZwjMiLYWMx6nS,penatibus.et.magnis@outlook.com,2020-02-08,10000,0
60b35d2a-e42d-49ea-8bc2-ca41d48e0753,Stewart Romero,$2b$12$qTjitdPetwsS.UBCmTDk9enb1Xuxzf/iJBu0zP.3Mel1ij9Iuq.5.,dignissim@aol.com,2019-02-28,10000,0
dbde5ace-32c1-4fd9-85c3-48427bd4cd44,Tara Veer,$2b$12$3VXTTtoZfzbJuDAe/18lWOudNCD0Q3egf2o6axts5p5mLB2MWswHe,eu.ligula.aenean@outlook.com,2018-05-21,10000,0
ae1a95ef-d94c-43fe-aa3d-9db191901bf9,Murphy Narayan,$2b$12$xalf6ZVWu2FDOXIhFszDouxOcZyMD/x46iEwgRSq2PZjvpfpFBhUG,nisi.magna@yahoo.com,2018-05-24,10000,0
c632a16c-1fe6-4e78-92c2-2db4aed7a99d,Igor Santiago,$2b$12$AGrALxnAUrEKe.j4SztigO8ThJv0dHjof42vXryNUUehzRdqzOSkG,dolor.donec@google.com,2018-06-16,10000,0
574ef197-6437-4737-a8be-a2136958c98c,Kitra Verma,$2b$12$vm2gMZvGQS5rJ90pCpHVb.0FYW75y967TQv7YMVWutURiMZcJiRKK,arcu.sed.eu@protonmail.com,2018-07-17,10000,0
aa5c85a9-361f-4a75-86fa-10a0b154a937,Kimberly Lau,$2b$12$GHE6IZZGZvzwvCGh.yDR9eWrk3XsifqsI7HVk3ogffRVQEOyptwL2,odio.sagittis@hotmail.com,2019-06-26,10000,0
59ab804d-07b0-455f-80a2-5e40e3422453,Summer Dhawan,$2b$12$.OtVr4/zSEErxccX.hZRUOy7yCbeFjvS4IISPd3pLRp3JxCYINdOm,dictum.cursus.nunc@yahoo.com,2020-03-07,10000,0
8b1df3c2-1169-4b56-b61e-ac22876197a2,Katelyn Woo,$2b$12$TnBiBE/sYywsZFw3Z7FnlebkmeXuzaGl8Wutil5sfjWSZ5o.5PlNm,in@google.com,2018-06-11,10000,0
606eb661-a34c-4076-856d-b3929009d847,Galvin Duncan,$2b$12$S5f7cZcKhsQ9ViRB7R/sNulfDhmWSSv0u6az591GcezFh8ZT.BmpG,pretium.et@google.com,2020-03-25,10000,0
304a6888-8def-4d57-84e6-1b1005814298,Roanna Persaud,$2b$12$SsY7EMdkfK9.vql0ES1vnuP063BlWzDNq15qWjE8HUEpawlD79L0K,a.felis.ullamcorper@outlook.com,2019-06-05,10000,0
da4ca54d-4fdf-4f27-a7e2-98895f39a1c3,Hamilton Subramanian,$2b$12$1wIYMct/yj/JhjwkQABKmuOejDw9E8BUqgQotNPxlRbHQEJXhX..K,aliquam@aol.com,2018-06-01,10000,0
b7c27db1-5194-41ff-bb3f-d9ada1ead53f,Alec Sze,$2b$12$SBhfffQ.u67u6vhHBAlt4uuuF/FBCdwf6KpgFdlwGISR/DmbuZByi,vehicula@protonmail.com,2018-04-15,10000,0
89f394e1-1b05-4778-8794-56e1c7a199b2,Ima Lata,$2b$12$Ws4M5YLByWHfGkPbsuo6zuoSxXG.4LVxPYJE5X/AIjn9QiAE78QBO,mi.pede.nonummy@outlook.com,2018-04-11,10000,0
d2b2c8ce-d8ed-422e-bd4f-9c7ef45f4c55,Ann Xin,$2b$12$OFHYcCKcZ6ftw9ZzwHyePOoQq8lZfkVD/aYA/9mON2VwWw.0ASq4O,velit.quisque@outlook.com,2020-02-13,10000,0
dfc06735-49c0-4746-987a-2360c7624aff,Martin Cheah,$2b$12$zsbTxMdPjGEZFWrfVEH.neADtRLoAob3s34ZZLlKsGwexm0EikMC2,vulputate.posuere.vulputate@yahoo.com,2020-01-26,10000,0
d50f3da2-402a-49d0-8c17-f80f93a51560,Barbara Stewart,$2b$12$gwcf4doVYZeMqndbcwUDBOCDL3Rb.2sDWoMF3nPJXDMREZUydGGXy,mauris@yahoo.com,2019-03-09,10000,0
d420c34a-e298-4b96-863e-c8ba06448fcc,Oliver Sethi,$2b$12$ZLK.mCd8aefqrCC0KPqV4uDGDqliVmb6nRMH8tRaQkv8NQB7/YFZe,amet.nulla.donec@protonmail.com,2018-09-11,10000,0
a5331652-e5c2-4f25-b10a-0cd47a482118,Allistair Phang,$2b$12$hZoNk38RG2XQnEGQKmLQteD56a8xdWWiYla2rzAR.YUxKWrxWbPde,mauris.sapien@outlook.com,2019-06-08,10000,0
a0d25c8a-4ba8-4834-8dbd-f733f6780814,Jescie Welch,$2b$12$jtRYnY0VFM5EL94ijOz2De2C2WizbS4REly8sHmun64lG6mtFnCWG,ipsum.non@google.com,2018-09-23,10000,0
6097cfa5-0537-4b1b-ac70-6ee214ecb500,Ali Chou,$2b$12$sJTuoq7u0icIUBwzugGzHu5cEg9ED846lkTN931ikFjhWklHXAIwe,ac.metus@protonmail.com,2018-04-20,10000,0
81c380f6-3065-45b2-b953-e7f1b3eff124,Chelsea Rice,$2b$12$Ds7eJAl/MYfEuBFGb6LjiOCYP.NHIJ/aMLR.EElLkgyCncmDTV3se,adipiscing.fringilla@protonmail.com,2020-01-26,10000,0
0a095b39-1cc4-4810-bf6c-885c80884084,Philip Estrada,$2b$12$aOVnyKmkZxFNbOsU4jnO7uk0j1HT6cG1pUVrTH7Nn1HaB2PuvN/Iy,nunc@aol.com,2018-12-31,10000,0
65a9a880-ffd3-4d52-b2fb-0bf404f865ea,Tyler Malhotra,$2b$12$ZF.kPCaug6jdM7u91uE7C.F1Ofu3dIuoa.EQLRWNS3Ml105.n8s5u,ridiculus.mus@icloud.com,2019-08-05,10000,0
00a591d6-5ab8-48d1-a516-be3aa707bc7b,Chase Lu,$2b$12$tcPv7G0j16DaDcdZhFsU7OXDJGmD5VTdIQEjFk4W1ODDzhVCtgYfi,nulla.semper@hotmail.com,2019-11-29,10000,0
adf7a0b7-7011-41ba-898f-5a97a7675438,Jasper Nita,$2b$12$L4SwQ0P4R8xDpDYSJXoG5OY8JXt4v3h6VLc5kW4miPdXLVHJXJtYq,pellentesque@icloud.com,2019-01-26,10000,0
c1b0873a-c155-4a23-a944-93252bd56483,Ignatius Neelam,$2b$12$B4hC/f4vPmMEmWiuQX0mlOTikUtwGnctBrKZhZQgCqK19Qo1LKNZW,eros.turpis.non@hotmail.com,2018-06-24,10000,0
3be61a6d-b7df-4149-86a4-30d7bd95c72c,Phyllis Tucker,$2b$12$f6MHeack6B6ZdwBrRBj2O.k0CuTI6OkacPGn7fhbOlKQBiBxI0Sry,odio@hotmail.com,2019-01-27,10000,0
eb6d6b50-0150-4777-abac-eba4fa470150,Yael Fu,$2b$12$pT5gBjrGlPk1GVIl5o157uormv/GSOM5QIThQ97V1FuX3v.D4zWqe,a@google.com,2019-10-04,10000,0
5015a7d9-98a0-4aff-b915-bb80e59d8c01,Illiana Hicks,$2b$12$Xjvcp3GtexzEx7D.GX1Dp.vhMht45PCbJLZlK1kQLbzhhGchtaI3W,libero.integer@protonmail.com,2018-10-23,10000,0
2e586910-cd98-48b7-83b9-1be86faabc8e,Haviva Srivastav,$2b$12$8F8mZpERXQOeBaygUs0KxemgWSiKcxTvAlWCqJwQ1YwNMoPgl.qt2,gravida@yahoo.com,2019-10-03,10000,0
554e8ecb-8728-4c55-aa7d-4c36767228e6,Karen Zhang,$2b$12$mpBUe993a1kYjmZ2KrqnZem8x9Aey1mHQgW7AWfvi1ex7xpTWcAx2,tellus.lorem@icloud.com,2019-05-29,10000,0
df63e6ad-b9e5-4a1b-a5c1-9a06fe86bd22,Dalton Dutta,$2b$12$6BBoRWdScmNgxndnCo8xSOTCoQ3SMS40Zwk.P8CU55fqi.76daOHK,fringilla.purus@yahoo.com,2019-01-05,10000,0
fcf159d0-daa0-4bb1-bf76-ea8bb524aa06,Castor Day,$2b$12$z37DuAuZ12q7Rpl/OUmCjeCFCivMQ/dTkXw7wVPHdJ0wMkJbNaCy6,in.faucibus@outlook.com,2019-05-25,10000,0
392c2a7f-5a99-4a81-af50-87041f93b30b,Illiana Xiang,$2b$12$n8.x1olmW33Y9iynZAOkJOanXWFgPwJSAX5fsxq.iTSlYh1bnyrZS,pretium.et.rutrum@yahoo.com,2019-07-11,10000,0
6a0ee1a1-2509-4b8b-97ae-133e3f8f2094,Connor Loke,$2b$12$Y.F0GIqh58Rxk2KTIbh6AOJSojSiXImapQ/uNKIQZdohb4JLzpmWG,habitant@google.com,2019-09-10,10000,0
64a4a528-1e02-4128-af7c-ddb6810c1cba,Jenette Zou,$2b$12$V45VzZwRKdJV3l33R07lFuMXlEPU3wgjJnN48buAX4eqJVciO/a7C,eleifend.nunc@aol.com,2018-05-09,10000,0
5f9d8f29-04fa-46a6-8519-0707ba96bbc6,Rogan Cao,$2b$12$SLx9GQR4El1AM5KfXNQ7TOlFlhmFgLWMiKfCxym9atCMUoQXwUmWG,a.feugiat@outlook.com,2019-11-19,10000,0
3b987ba6-3e9b-4a71-8cf0-45faacbed284,Yvonne Ying,$2b$12$8pWs838J197ZI9qdl8A2sO9IKwj1LEeIgUzqf0HOLaPKqGwKeQdNK,pede.cum@aol.com,2018-08-06,10000,0
a742e446-9e22-4c4b-9822-62c5b0b9631f,Carlos Bell,$2b$12$TLpgMG3JRto/GRynflU5IOpJkWv0pMvzqU4o.9oLR7XKXsH5yXuxW,morbi.vehicula@protonmail.com,2019-10-06,10000,0
5fc333bc-966c-44d8-a8f0-27217adc30db,Lucian Srini,$2b$12$x69T84QNi3HxRSHGUQst2OmFpaM6rGEvZ/A737g2VaKbsx7LU6Isy,hendrerit.donec@outlook.com,2019-07-04,10000,0
df8cec7c-97a5-4413-86c8-036319cefc72,Maia Yue,$2b$12$1ZIirbgSmRb7UIO.7nHORuClk/MPl6Jpu2VFEEH4/tKNMFe3x2V6q,imperdiet.nec@hotmail.com,2018-06-14,10000,0
ceb9b099-0b61-4724-b263-7e4f9fd1f076,Debra Perry,$2b$12$Yb0rJWZsr.sOTWhYvxUWau89dj.ot.EmWVbqxvdKb5J.mjVJwEdBa,feugiat.metus@icloud.com,2018-06-04,10000,0
d90eb016-06ba-4878-a499-8945bceb3b1b,Carson Alvarado,$2b$12$dmhP11YO6mrA0q2obClEIeeapOxA6SeU/2Ha1SQP8mlozhvS.gcqa,lorem.eu@icloud.com,2019-07-18,10000,0
e913d4a6-6fa3-439d-a112-36935c249a3d,Graiden Vega,$2b$12$LRZMJsTa6gfUUmryF9Jhd.K6zEjo9Vbl8uiAqv1X1DF/2AgiNleL2,suspendisse@yahoo.com,2019-09-01,10000,0
d81071bf-acfb-43d7-9961-090d09ce3d16,Beau Franklin,$2b$12$g70IEI4uIK2mDZJ.h6chEuebi2ohzDjbCbBvW1msPSP8f5XvR6G9m,nunc@protonmail.com,2019-11-21,10000,0
66a7471e-befd-4799-b78b-668bd46662e3,Oliver Lin,$2b$12$v0rIEfee/TlqFXV02Jtc1.S4sZHNOOcVw0EZ6H7ITm2.ENHkzbpBG,volutpat@google.com,2019-08-11,10000,0
1c1d7516-d106-44d8-bbb5-64d558997a64,Madeline Meena,$2b$12$Fb80LDnoM.spz3bgpgSXvOsGBLtrfNV2oD8EyPYkUzNLvKVRnkn/S,et.netus@aol.com,2018-11-04,10000,0
ba191595-d9d1-45ad-b047-da0806ef9364,Rosalyn Veer,$2b$12$3fwpkuwi7xyfwcA5ERY0zOdn9VYZT6oQ2GGwUF.uLe7n.U2177uo2,rutrum.urna@google.com,2019-03-07,10000,0
bbd66f01-509e-4817-872a-53056114a8eb,Chandler Mehta,$2b$12$uL1P/r8hBJmU7d/ltjifTOyRZGzrevv3k2GM09enQwdQybjUKUVqa,lacinia.at@icloud.com,2018-12-26,10000,0
c3ece693-331c-497e-b79e-ef7395f7736d,Edward Gupta,$2b$12$wUBlHtwLQOBwgM8n3E6eYuTtEIIOtnEjI2gTs6NW3.H/iCcDSrNAW,sollicitudin.adipiscing@protonmail.com,2019-02-16,10000,0
25c921d1-c06a-479f-ac10-c89f96c4757c,Lois Mahajan,$2b$12$.uQb2R.1gKoOgBjf8NabDey7odXYwy60ZLGmmqctQlq1XRT4I8v5e,nulla.donec@outlook.com,2019-12-25,10000,0
7b5c0ce9-3a0f-447b-a877-f9872ca53353,Benedict Veena,$2b$12$8DAyM8zWUuuhFqScfHbyI.x4PVnCOuag0zuLnd.m55HvipmhQxLJG,pede@google.com,2019-10-27,10000,0
118f114e-45c8-4e07-aa2a-73b9a92b11cc,Gregory Name,$2b$12$Zv./TB1b5biPvfHblQ54jOlxNjxjB9826ZXzsT6fAT8uISVTAbUKW,et.tristique@protonmail.com,2018-06-18,10000,0
a0a0d731-5a97-419f-9bda-7830ea6d7a21,Samuel Martinez,$2b$12$yDCNBxSoi1HuRiCVY1ePWuzYwi9O5ApgFo8/tjxSvbIM/Mridhp9u,sed.nunc@hotmail.com,2020-02-23,10000,0
b556bdc8-58a4-43bb-adbd-e299197bd29c,Ramona Swami,$2b$12$cx7x1dvGnILgUfn77xJj2eW6WFRnLBUjPeuiER.hhdrgK4/Z2NN8W,vestibulum@yahoo.com,2018-07-24,10000,0
cc47aa55-1d33-4eaf-908e-5eeaf7a3376c,Conan Powell,$2b$12$oXQ45k8I6H4ojfyHObaCnuwsRRuOGSkA0KYOoYo5CNRwE5ZjW3HOu,eu.dui.cum@outlook.com,2018-08-01,10000,0
945973e8-e2b5-4839-be80-1e6fc048a63e,Malik Marshall,$2b$12$4ZkSzf9OHQY4aYKxFs.gg.sW8VMy5OzC26sv7hNrk5xZDa3ziIwOG,interdum.ligula@google.com,2018-06-21,10000,0
0fad6ba9-e982-4735-b435-b8efedced45e,Salvador Sen,$2b$12$XgSfjUdoS828fCEt2thUFOXXTR7mzXkyfdkxGz3HY8HK2AC7TvXS6,quam.a.felis@yahoo.com,2019-07-25,10000,0
f84e9a8d-eebb-497e-95ec-2b8e7ae6579e,Adena Clark,$2b$12$fB2.VXFOhxvMIUxeTEnIPOauMriB1xYjG.MDlFbmhdw6V365bxkWq,in.hendrerit@google.com,2020-01-05,10000,0
6fbba323-0beb-454f-8922-7505cd7f7dd1,Ifeoma Fung,$2b$12$XB7sFwKA24CJ4NSSEg1AzuSHGsyGP2MBYhuW.hxqQ02MJAH5Ugvju,nullam.enim@google.com,2018-08-26,10000,0
14717ffe-ec82-4c05-8c34-7281e96d3eb8,Calvin Gomez,$2b$12$UH1v0i02LDZFeaXBK69H9uqlsOpIemhA7zxHECYScxTVkFmOUl76a,mattis.semper.dui@icloud.com,2019-12-26,10000,0
4b1c3ddd-77f9-49c6-bd6a-a65493530952,Palmer Reddy,$2b$12$ZbuwC54iyo3OBMal8mw4BuSiJyiT7PuTVdSLEQpxgTdYlMre5Vvjq,class@outlook.com,2019-02-05,10000,0
0b34b6dd-4953-45f7-b3b8-ccd1218d4225,Morgan Wong,$2b$12$d5WtXLUxAvff.8AXpLKX9exXaoYcxXpVDqqL3oIr.xYLHmX9ToTnm,a@hotmail.com,2019-01-31,10000,0
81cfaf6a-a3c8-45cf-83e1-f3cf4d0e560a,Kaseem Kishore,$2b$12$OWc8B4zgixoYtNSjZ.b2sOvGgOSv7n6J5Pbr8iVRWrJKDzlZRGmKO,non.justo@hotmail.com,2019-04-08,10000,0
3d08a3ff-4843-4a19-990c-fa9c1e7c40a2,Steven Padilla,$2b$12$pHUzOL.myv8euQ9.VGBl5u00wbCezXse8871hLHM7SJw76RL/ZAHm,faucibus.leo@google.com,2018-10-23,10000,0
d46e7674-da43-4f4c-89af-f2bbb688e004,Jacqueline Dutta,$2b$12$ukugZ5iaypZOAW1UMD5KaucQWsag83uu8MJx2PwYQvWHt.BGhMVau,volutpat.nulla@protonmail.com,2020-01-03,10000,0
33ba55a0-39fe-474f-9021-9a91bdb3fbe6,Harlan Franklin,$2b$12$nJeF0QegUAtx5WENizDRteYYfiNQJwZsRLTP9CMEWxlvqWOQ4Fr2K,auctor.velit.aliquam@yahoo.com,2019-07-08,10000,0
42acd697-8fa6-4f15-86ce-6f33bc178e2d,Destiny Seet,$2b$12$D9QbiucPVbJjl0sGgUVoJupm5avUn5TitmCr58M4hKFp1pG3pDhz2,tristique.senectus@outlook.com,2019-09-14,10000,0
330f1c3e-6094-4de2-851f-8fc5457cc1ae,Walker Nita,$2b$12$r3oboFuIqwjNFjGc9nGgVetDg8djmqjKT.efrkKZ3TjYH4X.5B3Be,leo.morbi@icloud.com,2019-05-16,10000,0
92c2bbc3-3c91-4c36-a42c-908eb1b3955e,Quynn Chng,$2b$12$UZ0UH7IMyyaojN4hrBMikOlsLKptwqo9kpbG3gJoe81l/nxNIqi5a,pharetra@yahoo.com,2019-12-18,10000,0
858a7be8-2508-43bd-bc02-0a8b04086b7f,Mechelle Nara,$2b$12$2PSUoChVpQeDx9G6hThlpeWGue4MUKrbug.XqmDngl5wJZFjnxI9y,sodales.nisi.magna@protonmail.com,2020-04-04,10000,0
c762d489-8823-4444-91c5-3d3db3314cbc,Morgan Neel,$2b$12$bWAcvB8cx4RmnNHfarypN.29ifTIQgKy8Aa6eW1/SXX04QSmDOLSG,fusce.dolor.quam@aol.com,2018-06-01,10000,0
76b862c0-3dcb-4f4d-bbe0-5fdc3f7aa696,Cain Valdez,$2b$12$z3VAAnUte0.nJWA60JNAzu7fgVvRVCwkMnkw56QdQ4vvme5C2VNKK,venenatis@outlook.com,2019-08-06,10000,0
f49aa900-0409-49c1-b582-26de61c4c169,Levi Punj,$2b$12$yBv6mH4Gbiuasbq0ksxPhO01QAmx9dmUj.XB85P5EbUlStp9Lwyie,eget.lacus.mauris@google.com,2019-02-11,10000,0
7ed8d2da-51a7-4232-9759-bd5980647d3f,Walter Lay,$2b$12$lZWsRjqJ6PE1.3QEPtcPOebzB/Wf2gXqKwZXaceSf7CjDHAX1WVUO,purus.mauris.a@icloud.com,2019-06-12,10000,0
5da84674-c5f0-4862-be05-e8c2cee000ed,Adam Meena,$2b$12$SpFBjIpu/L9krnKF6nGoYu77iZK2fh3VTqPgB74IznRadPro0zBk6,accumsan.convallis@yahoo.com,2019-11-29,10000,0
819178cd-c3e7-493b-bef7-af64dfcc0888,Naida Subramani,$2b$12$krHZA1BiWizY0MJwKlN3Ae.gvMf/0bg54MUrsMA.t7NOe1flxBTDa,fames@hotmail.com,2019-01-15,10000,0
1a03b8d1-ec18-42bf-bd93-bc5c6e39d997,Cain Chow,$2b$12$IXKOWLsjtnLCk3oXqg6ePeYSX7pwp1V70O/f4l/zQMNNCAxEnGTAG,ligula.consectetuer@aol.com,2019-01-11,10000,0
27ef2774-9aa5-4e9f-9e47-df6ac2660c9e,Holly Subramanian,$2b$12$hCUunRjnBcMRmzXXrl1cSuXobAHj8zsRFz2U3rGPcbdUiqY/fhlXC,cras.vulputate.velit@hotmail.com,2019-04-19,10000,0
7308d30f-659d-42f5-8ad6-e4d208904a03,Anika Wood,$2b$12$ArhF5vDC9vg9QeI6t87Oie4bI.Y8fcZjhFOP1JpmoUMvrUh70ZRfG,mauris.vestibulum@outlook.com,2018-11-19,10000,0
46d3f7de-c277-4540-90b8-c54848699987,Jena Kwee,$2b$12$sj7dbe8gX8rmbqCTkjAfPuuvYNwscZiFDfCYc9NW.TH0sgPoxGOKm,iaculis.lacus@protonmail.com,2018-05-12,10000,0
7e1a6bb3-6468-4997-abcf-936d05bb9f6d,Talon Ban,$2b$12$9coud4pNMDrQjafSb/uJbuMQkr0L23SmB8.H.mdviL8RMZ841SLI2,ac.libero@yahoo.com,2019-01-11,10000,0
38199036-cae9-409c-907f-507253edaee6,Hedy Vijaya,$2b$12$IpgFHQC.bszZZh.xN5Fn8.I/BX8mQPY8LCh97Iy9tjRE7CKMKSYlO,in.tincidunt.congue@hotmail.com,2019-06-28,10000,0
e6673e44-3ecc-4eb1-9257-8f21a33842dc,Channing Lopez,$2b$12$zSRv1qXxrZIAF.hBpzBjB.RT2FdGhKQmu287EwMOhOkX5WQQFVSC.,nec.leo.morbi@protonmail.com,2020-01-22,10000,0
f8451130-c887-4be7-b524-83d3d20ed100,Orla Subramanian,$2b$12$Ot.Ut.3WOriYLrjN4oAWSOJVWh7DwZTVpICyArpJLRg2/Qv2uLtbq,class.aptent@aol.com,2019-04-02,10000,0
61406be2-2975-4cb7-af86-3cd3c7faadae,Tanek Ngai,$2b$12$A6Rgam3ZyLfzwC4kg04PeuNTylJ1Lazjb64fwGMkYQg2ca0kx/2lC,vulputate.risus@outlook.com,2019-11-19,10000,0
3161a3a3-3b5c-45c6-a8a2-27075b183b26,Jaime Gonzalez,$2b$12$TTBaGNEhxM3W9qXLZ/ufyexqOAwe/BM5/KRps9YhF5ANcSPXcBZAu,cum@protonmail.com,2019-08-04,10000,0
575a8774-887d-4a5f-889a-2ea9fab6067d,Geoffrey Bhatt,$2b$12$D5QlTjnF4deczN10QXlP0OP3Ubgbtj8/87eW2EVg/gdL9f5HxXNTa,massa.suspendisse@yahoo.com,2019-11-09,10000,0
b2ac97b4-a489-407b-973c-1b35706d65fa,Cole Ramos,$2b$12$32iLmYJ2/HCkG6puzOT5hex.Md8ZiQqpaDsMcTGoY6tgwF7kkIbwe,convallis.est.vitae@google.com,2018-11-23,10000,0
42f5516b-9462-4f22-8aae-6a2534c7a725,Macon Porter,$2b$12$i2OOmyYL8OsCIZHaABP1Y.2p/2KyUAU/8Z49cj8/dfASNRcgqNmTe,donec@hotmail.com,2018-10-02,10000,0
874a031f-08be-4d6d-9816-1f9c40d61be4,Inga Gutierrez,$2b$12$8pKbN7z7yYnm.DPsaE6itubOuM1hTnro51DcTBphyP96wvWDWselO,proin@aol.com,2020-01-03,10000,0
e7a27f36-01bb-41d6-acb0-3b4ed4884158,Michael Neelam,$2b$12$eNVAhT.zJLAEFy1ijtRhRucvPxKCPSzLSpwDBJDHc/9N/pChCtWs6,non.leo@aol.com,2019-04-25,10000,0
13819b44-7479-432f-8bd3-0d3ac88a161c,Lael Nguyen,$2b$12$e0mVHBOmOj3cUvmDiHQHqO5wrGOroWuQVm0ZiXs82gbKqxw3aDIkm,eleifend.vitae@outlook.com,2020-01-20,10000,0
2a433891-70a7-4700-abac-1a5c0eecbe1d,Cyrus Siu,$2b$12$ea/gypvuJ5HPYxALZxXiJejqiWxXQF2K/oN6OHNO.tL9tOHdq6gaG,dolor.sit@outlook.com,2019-10-21,10000,0
0a64d8ed-b1d8-458d-851a-3e440b9d2662,Kelly Boon,$2b$12$1rwDbA90jm2Ti76s/ca8B.wax7l0ga4w79YvifX96YnpweYTcKu2m,consectetuer.ipsum.nunc@protonmail.com,2018-08-24,10000,0
39ecb615-5b12-4f84-8e7d-093fd492910f,Savannah Stewart,$2b$12$1ifcPWgSTwqfKNXtnWjk2O6czbr7QDeof3nB7LViOjoWvB..4uwdS,sit.amet.luctus@protonmail.com,2019-07-29,10000,0
a0bf12ca-91b0-42eb-bc40-28d6d3f32de7,Walker Oo,$2b$12$O.tOep/q9dLqMQKfNqfepu6AtgIkXGbcX6PRI9C4RhMc6euVPL79S,dolor@protonmail.com,2019-09-02,10000,0
b53db360-6439-4a2f-a0ec-8652e13ea254,Donovan Barnes,$2b$12$YmgIp8wSJPR4SE1SQNhWZeMuzU9rdvlpheVPo10w8kpmp2knAlHui,quisque.varius@aol.com,2018-04-14,10000,0
e1532330-bf22-4376-b45c-e9a774b3425e,Reece Swami,$2b$12$oWpG0xDtX39hiEMiXbk1x.FQnUVGa1kC7WxGNGEKbAvY0a3o8t3P6,quam@google.com,2019-04-11,10000,0
20eb12a3-4c63-4260-8bf5-4177e0d329f5,Rashad Gandhi,$2b$12$PioJh/XDF6X1s/75MDlXuOjCiwO3a0BkZINYDkpV2bM2rTcIVzRti,nisi.mauris@protonmail.com,2018-08-12,10000,0
cabdd920-2734-4613-b013-d16c24370420,Karyn You,$2b$12$FvByGp1OV04a7GPQJptMTeXWGGcL8RbrcrzyjXsh3Jhe7xm873.Bi,auctor.vitae.aliquet@google.com,2018-05-22,10000,0
fbb75b2a-5b41-4172-822f-fdf214681620,Colin Dong,$2b$12$H6tQWPg8a8QdGTjV9C/N/OgxZMsmQ.GCr3T50kZGI7u4Mt8qvsIMa,etiam@hotmail.com,2019-10-03,10000,0
210a27c2-d631-4eda-a6ea-0bf02a3ea0dd,Marcia Maldonado,$2b$12$guEWcu5O9c3MOuyRRKVDyO9Y.HXxaANc.nuPgb7TRQh6pyii.4pI6,sit.amet@icloud.com,2019-08-18,10000,0
898b098e-f1fe-47f2-98a4-446f9c70225d,Carly Raj,$2b$12$dqnTHRJzm7BWeRw5zo.3O.h.KlBWmrN/.8WQc0n0GFymnLaUrySVu,hymenaeos.mauris@protonmail.com,2018-09-25,10000,0
bff18104-f971-42de-bfa6-b31aee2c3ad7,Brett Kwek,$2b$12$1xsVDk0F7JUAfu2dsS/9He9XJV8Uct/wGNSDbK1iwXyqNF54eBBD2,pulvinar@protonmail.com,2019-02-12,10000,0
8d0232bb-8f89-489e-b442-739d32bb4bf5,Ifeoma Veer,$2b$12$fXmep62PPXYjGCsTL.fUxeuYZrub25.SKxvO0bzXmSTGGAEhU026a,orci@google.com,2018-04-14,10000,0
f9e1be1b-186f-4fa3-bd9c-411597a2151e,Susan Subramanian,$2b$12$ASdfsBNy9MhvD4vwkbo5xOBR71S8nq3pibeEXWkDdUdCGxHYWykjW,parturient.montes@yahoo.com,2018-09-29,10000,0
b712bcf4-6b68-4732-a227-f3c69e73abe1,Louis Soh,$2b$12$jlLU8MeB0iHgyju39YlOQ.b7TSB0/4s5xsNoxJB1Q09LNYcuPlnvu,neque.sed@icloud.com,2019-11-14,10000,0
eef7444a-e73f-40f6-9ac4-b921fc065b7c,Cleo Baker,$2b$12$xChyCc8OokKgiO7wqBaji.ikSHrz7Q1hkvaZ1G0XU34iqrHYsffTq,turpis.nulla.aliquet@aol.com,2019-04-19,10000,0
e4625d37-eaa9-49ce-b412-f30ad100a493,Audrey Andrews,$2b$12$qmJyH.TtipCMnCyG4F3XeO3yFmEVSHcojVnhFeBXkx9Rt7bFNp.bS,consectetuer@aol.com,2019-11-14,10000,0
8a5e56be-b23f-4244-aefa-512b38400211,Iona Morgan,$2b$12$FaKsZ3Q2CzMdsdk8TxPoHOCrNg7rCw7XRC1DMye9M1YMNEFmR.TJe,mauris.suspendisse.aliquet@google.com,2020-02-08,10000,0
5551caf0-91f6-43ff-a85d-dc159698b5d4,Naida Pal,$2b$12$FKOahP4G4ToVximxJ25.g.x/hBwuDyNF0.2AAnxFg9C6ddw7PLWaC,sem@protonmail.com,2018-08-11,10000,0
ec258816-603c-4ebe-a130-7650b2840d93,Madeline Neel,$2b$12$PhkRbtJcWe1BOk4hSmWYTevhJzHLO73VZSV1ZMKtR4jMsmI31cLfW,cursus.purus@hotmail.com,2020-02-09,10000,0
bd596537-7682-4002-8372-68b97017a269,Hayley Johnson,$2b$12$WOY07qvMsCch9LgaVdImAuddxD4kpNdApi5QI5QRA9kHu.kZodGw6,nibh.lacinia@aol.com,2018-05-02,10000,0
ae844219-bfa9-496b-917f-209f68e0c88a,Kameko Neel,$2b$12$Pg872d9obga0K9oWycx3nOh5wePOYHDDhl8Q6XItxo4rjKepkP2Xe,luctus.lobortis.class@aol.com,2019-02-23,10000,0
ecacfa74-08ac-4336-952f-4aa85fa4ec5f,Jerry Siu,$2b$12$.fxAYWTrj0qXtvu8XjcpI.Sb4CQqQ8IMQUM9R67rShJBIKgn0OFGu,eu.turpis@aol.com,2019-06-22,10000,0
9cc92011-5461-4590-8ba9-dc434ea2a370,Marah Rodriguez,$2b$12$nyNSllkvy3LeqhfWQEuaNum4qC/azKUvUKbQelHs70pNPkdP9Hb/C,integer@yahoo.com,2019-06-18,10000,0
41d9253e-bb39-4ca7-93ca-35ca22f048a1,Hedley Aggarwal,$2b$12$7arJzc1Ik9rdfaxAnocvzeCFlzSL4Kh6PziUkTDcAdEcAi4PhaTxe,lectus.ante.dictum@hotmail.com,2019-10-03,10000,0
d68f31ad-eb2f-4cd3-ad12-533c34f2e252,Vance Tong,$2b$12$O/STkUJ8qT5pFMVmdwXTquzi.TVVHu4ilq24aba1ZcurqGUv.UBlS,quisque@icloud.com,2020-03-26,10000,0
60140179-5418-4001-81bb-05072138dd7a,Hayes Lopez,$2b$12$ZCMGr3wIAuFVJDiEgSniW.hwFtdEAYycb3LnKQSE0y2ib0OSwVLtO,ligula.aliquam@icloud.com,2019-05-20,10000,0
a2003ac5-0679-4129-b98a-9d51a3708bf3,Dolan Wu,$2b$12$OwtP.BQa/295oqXij1931uX3Dv5sjausW1am0eccJ0E.c3Y1EloKW,vitae@hotmail.com,2019-04-08,10000,0
49d30e88-482b-480f-9464-bcad26e1b189,Hayes Chew,$2b$12$KiS8zjT8ze/aLiwyQ1W27.VoB.VnOWGLhkgjEyJkWJ92PBIyuKBJW,sed.nulla@aol.com,2020-03-26,10000,0
2a15d01f-8322-4874-a529-72dae7be0adc,Rafael Vazquez,$2b$12$ifuSTkv.A6WYER5wWrDqu.6YWBDSF3V/7XgZDS5KT2z.xf/PDbJfe,eu.enim@icloud.com,2019-04-08,10000,0
afd32785-6d8b-49c1-9574-427c29d7a544,Octavius Raje,$2b$12$bEdy6Cjx1.aLbA6GwbdQkeH6/x25lFopF2/X3vcww05Cxzks0.Xs.,nisi.nibh@google.com,2019-04-13,10000,0
bfbbd5a9-ab3b-46ed-af79-20738aebfaf0,Donna Hua,$2b$12$GCIXVtLQr8vrY02bHQPn8.fonqQEsHur3JXgB1LjljOz0iRSvHBeK,morbi.tristique@hotmail.com,2019-03-18,10000,0
9a2bc4d3-8ea8-4591-882d-cf5dabdbd854,Cameron Kapoor,$2b$12$jxvWRMGZqAzPEhU7yntc9OyDAGMcpTW3YXYE1lxm7oa5nvaczLZI2,dui.cum.sociis@protonmail.com,2019-04-19,10000,0
a8ccc5d8-24cf-4b20-9a12-01993967c37d,Matthew Engineer,$2b$12$u3ElEOZrsFZ80HlctmImoutHDxdK2WJ15iuQc1RQquIW97474wQA2,nunc.sit.amet@yahoo.com,2018-06-27,10000,0
3eb7bb50-5b71-4fe9-aed7-1eabcd565f47,Burton Mills,$2b$12$v.zOzQ8q/g0aIDjKHWNCU.kkMV5pWclaSThDmiTNn2W.VlbDNIn5G,dictum.eu@outlook.com,2018-05-22,10000,0
04b6086e-97a3-4e2c-b36c-27f260aa1f16,Henry Fowler,$2b$12$DTuY5vdsZzuwptl2DGzVoe95uUy.z1VRigVZJSeIeBgaDBI6UZdn.,nascetur.ridiculus.mus@yahoo.com,2018-12-06,10000,0
5c8f363a-e4b8-4fcb-ae45-66e65466d8d0,Raphael Mani,$2b$12$7jCsQTyC7SopAcOSj7No.O5M8n2XZIzgRxsAFfiOdZiPvwBQHIuAC,dolor.sit@protonmail.com,2019-12-14,10000,0
8fecc4ad-df0c-420e-b51c-05c6a014b96c,Daquan Chao,$2b$12$JlQ1rEsBoijYajzZG5dkWO5dnFl8Pep3RGkkLfv5c379IBALGvz3S,purus.mauris@google.com,2019-07-24,10000,0
142fd40b-5c21-48d2-ba81-688ff74ef3d5,Amelia Bhatt,$2b$12$TZ/0VTxxko1mUhAae.M5gOKeml6G7Ddkr5UqmAGXO/X4M90hgk4HC,sit@outlook.com,2018-08-14,10000,0
dedb40ae-4213-41f1-8f9d-05935f6a4a23,Meghan Sharma,$2b$12$VDRlU5n69kiMkBPuFOkPdeUcnNXjufdLHwj4AkiBdkW.AhjDJXmY6,metus.vitae@icloud.com,2018-07-18,10000,0
a0e840d1-e673-4ee3-82e0-bfeb619dc817,Maya Cox,$2b$12$RrGP2sU2lsRprOqe16Yef.TF6g7.DtVMdzClJXsC6v.kN/T6uYJmW,vulputate.velit@outlook.com,2018-10-18,10000,0
930a5cad-611f-4efb-a20b-e377df877dfe,Scarlett Black,$2b$12$8gcyFSCdcBJNTJOtCxrufONWB2cOlvUGVrJ3LxLiDv/OVV.LiTPoy,ante.lectus@aol.com,2018-12-14,10000,0
e67d647f-c6d9-4edf-8100-bd970dfd3e5b,Alexander Teh,$2b$12$U1LCGbcgBdBbMY30TaZpVejQ0Ml5G1/ZQyrUmyGpt/axhe/rW4ivC,mi.aliquam.gravida@aol.com,2019-01-14,10000,0
fa3856a8-b54c-4cce-963e-f373c28aa99e,Hilda Kwa,$2b$12$pC6epj415/XIgoF61hli/ekHN0GvPnMDi18Qg5y6aeVcKrBcqcZT6,auctor@yahoo.com,2018-06-11,10000,0
e27d0675-44d9-4bdd-a679-2e01881c6a80,Jael Goel,$2b$12$eBhMwmdPCXUIb/raDTGqpOpBNn4XpF9bd9Vz4AmPL9B2gMV5lHlV.,odio.semper.cursus@hotmail.com,2019-07-12,10000,0
82dd5027-0da3-4877-9e39-a2680089c55f,Sydney Woon,$2b$12$nBgDJoT5b1j8GS4Ih5oWFuZlSiREy4BKsV131WbLapPoq28JRVlIe,auctor.non@google.com,2019-02-19,10000,0
06058f6f-c016-46e8-844b-37ca18d1145d,Nerea Ganesh,$2b$12$H.siwkpHtFZ18Fc1DtjvhOUjRnPw.zI5mVeyjDrVDGPNPpEvl9OFe,nisi.mauris@hotmail.com,2019-02-06,10000,0
342bcf09-1947-4994-aa8e-80091e2a81ef,Mark Graham,$2b$12$ydNSav8INL7/FNYhCUCJgeKt.lV5GjZozLbk93L97UVsSGOY6Gnoq,ut.erat@icloud.com,2018-06-18,10000,0
150c6a11-6134-43a9-a54d-d323f64456a9,Nichole Malhotra,$2b$12$e4RqMSeuVQCgd97ZjaWpS.u9K2cRcQ17V/eobEJaYIGmU6zZouCFq,donec.egestas@aol.com,2018-11-04,10000,0
fd765c0a-e361-42cd-a811-068a13d08912,Meghan Singh,$2b$12$OGpMSVnAmI02yNPk0NHZLeAG3FQzIe1ivCzgnD3.RuYi.O3n2wrE.,libero.integer@outlook.com,2018-09-02,10000,0
d69303c0-b349-48f3-beae-261bc28f1070,September Krishnamurthy,$2b$12$r5.fInQPXRnkohbwCKLQuejmuKtdIqL..Og.S7PRs3CFl1J1AovY6,arcu@outlook.com,2019-03-29,10000,0
af0f86d0-b41d-4e6f-9fdd-dec5c38a1711,Mara Name,$2b$12$aHFLsDsNAPFRRBcaSLoYM.m7H5kp9OMulJBzSEdP8gnGGqDUPdEAu,ipsum.suspendisse@hotmail.com,2019-08-02,10000,0
9f392738-d67f-404d-80e3-739a35608515,Ezra Arun,$2b$12$QpRP5xZaQ4ZZMybEDCZIIeJM6bPSJrb3bkH40betEO40tymL9hNq.,facilisis@outlook.com,2018-10-22,10000,0
a395067e-cfb6-489d-83c1-35d523d41093,Aphrodite Chaudhary,$2b$12$dnuJTvez2Gv1OGOqkaPXTuPTC1JI11AZ9K8tH/QKmUcZTY9gD0lEG,nibh.quisque@outlook.com,2019-11-25,10000,0
14a29132-8898-4193-bc59-669e67ec0a57,Hollee Kwan,$2b$12$2ou03Snaq7qANxuh.WgSkOtUJOljUQ6b8oTuiTKnR.R7d4zuFf6p2,vivamus@yahoo.com,2020-03-29,10000,0
a5d16ef3-0b39-4cf9-b214-ee1d5b258903,Luke Weber,$2b$12$giCOjVK0yOSfy4wViq8aM.k1hc1aj7NWg.X6gkSMRIK0RpwImVGX.,auctor@aol.com,2018-06-23,10000,0
9fe838d1-65d1-4039-a1fb-75fb15972f15,Damian Gordon,$2b$12$E7Uaxun0HIutWc6c1YNKEuFHEahj314ycG5BOQPZRG6.7IYl28K62,ornare.elit@protonmail.com,2018-04-09,10000,0
e41782ad-38fb-4645-8658-dfcf0eb1e5fc,Tad Lee,$2b$12$DdiGNouxQhMvttaHrLsupOqM6LFzQZ766PX99xR.zsudi9fxof8sq,ipsum.ac.mi@icloud.com,2018-10-24,10000,0
767b495b-07c0-473e-96e8-7a217992e0fb,Robin Woo,$2b$12$flqaeChlHIBLcGFBMuuGm.ZmuV37EEyJ25vRe8NRbgTKVeglK/iF.,lectus.nullam@protonmail.com,2019-07-03,10000,0
978e88dc-c6ce-47a3-b0ba-916be160ae36,Carter Rajagopal,$2b$12$di6lKjbD2Y4uH2BJDHL9MettAqoM.YrUrdWmdnhNMp1YeI6J.Er0m,tristique.pharetra@yahoo.com,2018-04-17,10000,0
7cedb237-645f-4037-bcb4-30ebcd4a3bc5,Chandler Brooks,$2b$12$X.DuOKqmx1c9Wsh/A7noYuBtWL6vGepWaB0XP3QSSqqCqN35qppXy,magna.a@hotmail.com,2019-03-04,10000,0
3fd3e62c-1d70-44b4-8603-4557ec577ca9,Nicole Pak,$2b$12$1LhFLRsfGEDTny6vHG9GqexhFGAkJCdVaULgu2d/1dpdhQH/QzPga,nec.leo.morbi@google.com,2018-05-08,10000,0
2def3b9d-4864-4c09-8e63-21a1fc02197d,Paul Subramani,$2b$12$2im06tE7t08pRA10FY8HVeVmUS0QeVYdS.6Ly9PRfPEblNifvivvC,laoreet.lectus@google.com,2019-05-12,10000,0
c046c5c1-e3bb-4eee-8df9-c7b025fa39a3,Ingrid Subram,$2b$12$OEUU3U2B3ljEUtXVMV.GY.IDZs8svZOkm70huISnfMoprV496artO,in.felis@yahoo.com,2020-04-01,10000,0
5f0ca499-7579-4ffd-8d1a-b49e4a72269b,Rae Ramirez,$2b$12$QXrLYmXtZcjnjaYmChaP0e3CTtZ2jANmS3Q2NBpHoWCOokg5GgMJ.,vestibulum@outlook.com,2020-01-07,10000,0
b94fe034-a22e-44f8-9419-01d99a8d8a98,Jasper Hou,$2b$12$Ld2V6l/.K15Gvv0Z0GELHed6fmW9sulXQEqfwP3voKZvZL.RpufmW,suspendisse@outlook.com,2018-11-01,10000,0
bf077095-ec6b-4caf-a9c8-4a5444a18615,Madeson Poh,$2b$12$/YhCt86yX9ytiqeJqWgNdOc3S1H6jJHQfkpo6TUY4zLvHtq2w2Yvy,a@hotmail.com,2020-03-03,10000,0
109688e8-ad54-4544-a4fc-d7c6028a116c,Rinah Adams,$2b$12$rXXYI66zKslX6/YZEeUqpOlDeMMkU50CnFv88GPdkb1B/GnX.sN7a,etiam.laoreet.libero@icloud.com,2020-03-18,10000,0
0d15e141-62ef-4a40-b037-98e539ceb51c,Cameran Kumar,$2b$12$IUykUAIM553Wq0GZLpyY2./eAiKcQztF2aNwGxTkqON4RIFS0rL3.,elit@google.com,2019-10-21,10000,0
25fb5158-a1a7-4564-8e79-423686df4ecd,Rose Loke,$2b$12$2V/UlL34CZZG.QkCBUMMCeSOeledS/IeTdo/VdmM4XNsMwr.zpt6i,est@hotmail.com,2020-01-05,10000,0
ff1c23a4-6986-47b3-821c-668e581646f5,Rooney Xia,$2b$12$V5P/j5tSAeXnn8MQwArJ5u0rcycn3J5L6UDhXU7eS8q54./Ax7bHK,quis.arcu.vel@hotmail.com,2019-04-23,10000,0
f7e845a4-b28f-46cd-ab99-58a5d915e26e,Jescie Perkins,$2b$12$LO1fvfEBQeGhoa5/LJsM1e1tmUnwHy7z0FMA/92s/ZY2gdpRx5PTS,malesuada@yahoo.com,2018-07-18,10000,0
a544f6f7-d459-4ad1-9dc8-d1b24bd2e638,Arden Tee,$2b$12$Xs.lZ5fNOEJxh/6N2eeINOSaQFMV0iTeVH6zFRPej5ffJQRBED1Ga,aliquam.erat@aol.com,2019-09-16,10000,0
98a17dc2-9c32-4516-9c4e-a219358b8d95,Lael Naran,$2b$12$fYacUl1D4yGap3IQPeGiGOOumJJISSSx7RhSAU1sB3OgRFCQnjvpy,dis.parturient@icloud.com,2019-10-05,10000,0
248edcf5-304f-4195-b31f-0ea31415ff13,Amy Mahajan,$2b$12$yJJGhenOEzrZLZ/mlYSE3.UvwsAF4J842.bgSeY4OVt.rhHpbmt/m,a.nunc.in@aol.com,2019-08-10,10000,0
c02d3f1b-84dc-4593-85ea-cf16084e371a,Benjamin Nunez,$2b$12$XXhuw0PwdTxI0AOeB7SWX.QCHXPBMI2p3ySy9tRgZbSJPbRdIa40q,fringilla.purus@google.com,2019-08-22,10000,0
b5ceab59-f8da-40ed-b37b-86610004d706,Nissim Knight,$2b$12$LVIsMtX9T3Op7an/0jtFKOHXdgI.hzNrYAIOOiSfpNHI2YTRV0XYS,felis.ullamcorper@outlook.com,2018-11-14,10000,0
98b04e7e-c8ef-4ebc-a73c-e056a96bc1b7,Britanni Anderson,$2b$12$dWqlTrfK5ImLycxUEBhtmuq2kEa/ZQPitM2RX5vypsmCWqol8HaV6,ullamcorper.nisl.arcu@google.com,2019-12-27,10000,0
9cb8a27c-0e63-4e34-bb22-94e7d1801013,Emily Tyagi,$2b$12$RkXFkqq6u0xpAiW5KJvgZu5MeqNM5FuICf9RSk.Fd.4FqxCp0fkrO,at@outlook.com,2018-08-26,10000,0
061e7e43-b348-41f8-bcbb-e63133319b28,Quamar Nagpal,$2b$12$vX9XVyeSVf8.889xepEd9earroj/f1Ep3801.jEy26z5EXjz8F9R6,cum.sociis.natoque@icloud.com,2019-12-16,10000,0
f8209efe-1d56-4a84-8dd5-6a40a7f7eefb,Candace Yang,$2b$12$2pSx41RH.QpUbGzWfQwFeu4X57yXna8hiFvifCOtKUF7dHAt4GnjC,proin@outlook.com,2018-11-01,10000,0
054fb851-41ab-4cd3-9b81-eae67a41690d,Catherine Mehra,$2b$12$7SN58jpaYFfh7.t1ua2hF.wRXgvh5M4lNVRBeNKnOAM9XD0T4W/Va,a.arcu@outlook.com,2018-05-28,10000,0
7b37c42a-1827-4602-810a-bbacf9eae290,Dustin Montgomery,$2b$12$tEHvv/pCFfmWgFEdNTU9yO26A6537HUQ71LHdSpkqz.f1Dz0vI.9y,cursus.et@outlook.com,2018-12-08,10000,0
6230207d-82b1-4482-a6a2-0ab2ce8275be,Prescott Grant,$2b$12$g8BBJq0RBHBA0urBkCdvceWRD5YsIyD/8dcFor/IE6rrorytoasUK,nam.interdum.enim@google.com,2020-01-20,10000,0
5e6860aa-fc6b-44a9-9ce7-c0b6d1d4406a,Armand Contreras,$2b$12$leK/r/S.eafjIWPbeZBXuOkmQmLz73JgHzrhLaE5k6Lcq3clojl.i,lobortis.tellus@hotmail.com,2019-07-10,10000,0
dc422c50-ba60-4050-93f0-00fbd6ce5a48,Walker Sin,$2b$12$CHC3/DP.KwK8cbMToAzhyOk8Usdy3WPRA6txiaLE1R9IqIllM2sxq,donec.non.justo@yahoo.com,2019-10-04,10000,0
a10df520-6e2a-4298-94ea-ab0271e82e40,Beau Tyagi,$2b$12$wRmPp.UkB8v9js6gOkkyQ.ONzvSyKDwpXvplnS0wwCKyC.Mty.7ki,gravida.sit@protonmail.com,2019-10-16,10000,0
4e024b99-1d7a-4ac5-8d99-c20450061ecb,Tanisha Narang,$2b$12$SzrT84lpZBZBs.V4fh6Yv.HKSrTvI9zXOwOFkpeQDRSMK9brdw/6q,ac.feugiat.non@aol.com,2019-10-16,10000,0
02ccbaf2-8272-47d8-a431-41c13d07e139,Shay Ramirez,$2b$12$qAGXihcCuuUDuhNu0o9you24IFhy348/Yc8htKiXLzPwmTgKdwnxq,tincidunt.donec.vitae@protonmail.com,2018-11-03,10000,0
582abd7c-7455-44e2-b27d-a4979dc92898,Chadwick Tanaka,$2b$12$nc6bvHofwmQG8R5Z483BPuR5WiKTh5ay/1zI4H/dNszLrEi4UY7Ra,leo.cras@aol.com,2018-09-01,10000,0
1c622987-5803-4117-bf08-d798a5af1521,Nelle Ranga,$2b$12$QJOX3lqy9Vv1YuoexF9YMO3.Xt4SxsEAgIPp.vnFKlgr2YIfyPh76,interdum.sed@hotmail.com,2018-08-28,10000,0
5a7bc8f8-23a4-4189-bf9d-a6c1f2fa94bf,Harriet Kumar,$2b$12$YTHBWPM0jo/WGU6MwFoev.ClUafMmBjKvZ9HgdNOYM5./NpzQztTC,dui.fusce@hotmail.com,2018-05-13,10000,0
6666a990-2f7e-49d0-ac65-225c20f2690d,Xyla Nunez,$2b$12$O6wbXheGcj/tvcaaT1QKT.Fe8ndWo8xLcc7OkVHkVagENO.JbmYFC,vitae@icloud.com,2018-08-30,10000,0
f62c279f-fe3b-4e03-ac66-7153991054e0,Ainsley Ramirez,$2b$12$494w93pwJn.oXVZR9ktEsu92QWsgF9pmFwcJ5GLLccqPey0xS3sFK,interdum.enim@icloud.com,2019-01-08,10000,0
f81dcc3c-5526-4053-8e12-80f3b68f4e4a,Florence Zhan,$2b$12$3yGloQoZyH2MODfgLId8Eu9t35GpOBN/e/bpSAU.TTazG5g7zUd9K,lacinia@protonmail.com,2019-05-20,10000,0
d39a141b-8a1f-4ff4-81c8-8844e2a68be4,Leonard Gong,$2b$12$fd1oCx2zmInNJ57ptOnbIeariSIwtsUr89wi07l0lu7bBxeL51Uiq,proin.sed.turpis@protonmail.com,2018-05-06,10000,0
b5fc6b77-ba37-40fa-a09a-aab669fd44ec,Macaulay Yu,$2b$12$5Ly6tCMXlDaCdGtGXvezP.I2HXqLf5GL2bbWP/oGjz5UdMHec6JGq,congue@protonmail.com,2019-06-03,10000,0
24a9dc05-a470-4540-bbf5-402f247cbccb,Abbot Nath,$2b$12$tlem890MRDJvhw5HnBRv5OvOUXtovLMCkpjLcaVeptVR5Hk62wK.G,imperdiet.erat@protonmail.com,2019-12-21,10000,0
5fedec2b-0e67-48a4-92f7-35930a871fad,Jacqueline Alsagoff,$2b$12$SGK2y9044Lx4niT9x5eee.FnqXu9lm1goYa5AlS4ZJSpcH6PhDvxC,ac.urna@google.com,2019-03-15,10000,0
00310be2-843a-4a61-a809-38a934fdc972,Aurelia Xiao,$2b$12$4oFnwWImljf0r992blO70eYYtQkCH4sC2BD6UkmZbiVo5qxkSHiom,ante.ipsum@yahoo.com,2019-06-23,10000,0
742f73ba-7e9c-4d10-9d48-361b9f17315d,Medge Foong,$2b$12$imVN5k55xkkmngPlTmyjHO78utUcZ8krBoQ99e8gsLcuvP7kpusWu,tellus.phasellus.elit@protonmail.com,2018-12-30,10000,0
18aea0b1-8106-4666-86b4-d7124af94934,Inga Nelson,$2b$12$JHmaoOAa1ZOYx8P4iMKmieDT1gbOq3OH5ldQe0uoRTAlbcQerOf6u,ipsum.nunc@protonmail.com,2018-12-23,10000,0
597e138f-8737-425c-88be-4b394882e0ba,Amery Vargas,$2b$12$5vMOL43H8H1F50RL.KEkreoAskSPp7BlI2yMRLilZCxSdhI8t1ciy,libero.nec.ligula@protonmail.com,2018-05-12,10000,0
d1a75b25-f3bf-43a8-a6d5-a6b384f59937,Benedict Weaver,$2b$12$ZAfosJKo.ozo6XGN.RltjOI9P5jE8X2drnSF3JbJDNYP5f9twqUWe,sodales.mauris@google.com,2018-05-19,10000,0
32181f27-dde1-4a3d-85e2-7bc4a066b5b1,Henry Prasad,$2b$12$.uVDziEcmKpCskQaJ/61POP0pxZI4dV8xeMIlUhEzEr9WSZcjo/LC,justo@icloud.com,2019-04-12,10000,0
ffe34211-d9eb-4b5f-a4db-724468c87ed5,Erasmus Raji,$2b$12$kGb98tXzUV0uguIxU2raU.NyjbN1bXHKx5XqsIQ72hzBGDhiVYoMK,mi.felis.adipiscing@aol.com,2018-08-04,10000,0
c42f6280-d09c-457e-ab44-9006aa6482f3,Kylan Kishore,$2b$12$.XOBUbw3bZFn2gio8TlXHe5sx5pOL1B1qKiHNtY9UYl6uOonnS51m,elit.etiam@google.com,2019-08-05,10000,0
eed97745-0011-453f-a080-007dc29ba5a1,Garth Malik,$2b$12$rbJ8ujuuGMj2MPggCVFLFO/oo71HXFjXxOrtFVrZX0gUj3x0Y6v8O,montes.nascetur.ridiculus@aol.com,2018-12-15,10000,0
b78f8ddd-1d37-4c14-90d1-4224f2b287b3,Porter Krishnamurthy,$2b$12$mPZcl1AqEcgMOP5RvjJYWeHCVqr4FuelEbHSCOlfwFu2gfNiGvK.e,lectus.pede.et@outlook.com,2018-10-17,10000,0
6c547f6b-9a76-43a8-ad8a-1ab3396189d2,Jemima Martin,$2b$12$06YaADwmHXaHE/xeB3AnjOdxtQRACLket.vu8DI.TZU5c7Iuxb.RC,dui.cum.sociis@yahoo.com,2019-06-08,10000,0
1c76ea0a-a595-4a44-bbe1-ab00622cc9ff,Chancellor Pierce,$2b$12$MsXzQFQ6.kD3Oj9/U9UUx.VnCBf.cZnFYx3.yrxR7s288C7iub5hK,sollicitudin.adipiscing.ligula@outlook.com,2019-12-28,10000,0
ebe21e20-7e0c-4535-a185-71e69113668c,Quyn Day,$2b$12$/i8OPmUKqhT8bWgRfMBym.NV65oeM72YUPMKuxWFOxiaTWVLVTYoK,ornare.elit@protonmail.com,2019-10-08,10000,0
c39e1274-3225-439d-9c36-554846ee7de1,Gareth Alsagoff,$2b$12$iNjNw1XE0A/2j/RhmZsbI.JFoFfDVF2QjoR584dpwjP/6.ZzdIXAu,arcu.nunc.mauris@hotmail.com,2019-02-19,10000,0
a44e5a55-799c-4164-b1b8-14451947af9e,Burton Murphy,$2b$12$X5k3Rk5se0g561/UMJ1WN.ffTwgoJIRDuYnEd/TgnEQt.BU0CdXfC,lobortis.augue@aol.com,2018-07-25,10000,0
554c1c14-bc94-4ff3-8fe7-a7ec021de252,Olga Mehta,$2b$12$0Dn5HzBSloTo2bMZQ9p0heT0Pucr4ZQJ8Gxj33ULhVn59svIADS5K,dictum.eleifend@yahoo.com,2020-01-19,10000,0
a98411b5-920b-4408-86d4-e3fa34769e98,Kadeem Phua,$2b$12$VZSdcNzfBVoMsBdJcVZsgOeNGyINudesBzx/.I8YR.z/oqVe6pLC6,augue.eu@yahoo.com,2019-03-04,10000,0
d99f0196-2a95-48b7-a189-112a04dd8af9,Ina Price,$2b$12$4y.hxGO.5TgsLpLGmSTegepR2LVUzl9diZ9gn/eJsQiCZAq4rJ122,ultrices.posuere@protonmail.com,2020-02-14,10000,0
e212c641-6d1c-4e9a-996c-e9a67b8189e7,Ronan Hansen,$2b$12$/sHaJfPIKXtJkpqiyVN24uBDQ8UlBp8hy9shSk5IzZHes1Mj51Ela,ornare@google.com,2018-06-09,10000,0
49e71145-1f61-46f5-92c8-51a776360f7f,Kirestin Guerrero,$2b$12$IXk5pcFfKrkP6bcOOFG2Tukq2g9onWIpQkAYXmqP1hQyiV.AB/i4e,justo.eu.arcu@google.com,2018-10-21,10000,0
e8d88640-4eb9-4f70-8e2e-713bd361c4d8,Raya Jin,$2b$12$W5lce4Lah3EDkWUs1QvWq.LrhPSYlDvRue2UxE3d7vgfMYCP.chvq,quis@protonmail.com,2018-04-27,10000,0
300c546a-5fe5-499d-9da4-c0372e82b553,Dai Hunt,$2b$12$FF31gyioiPkXelqbSQ03i.X2Z5V36Ut58tywM2EtnLDSYy30vw40W,facilisis.suspendisse@aol.com,2018-09-15,10000,0
9de81acd-c48d-4c3c-8859-a718eade8955,Stuart Tsui,$2b$12$0KNfN/.dc39lawRvd2r0UuzpoJY83In7MZCEdztc3G/uluKQbya.C,semper.et@icloud.com,2019-04-17,10000,0
69f33284-e8b5-4d31-b608-a4d70a4b7bc8,Bruce Allen,$2b$12$8CO5MKCLC.r5EUHRFnJ9cucRNfNTlbgFQ9ygwmMfoYKUT00UKg4qS,mauris@aol.com,2019-03-15,10000,0
afa0820f-2c15-425f-9f56-af2d8706e6bd,Beverly Nelson,$2b$12$1ElXQVlb7Fd4ChZAt1lKd.S4l/hBrLv6s.Q1Pv.q9Cz.wIiiDnR5C,ut.cursus@aol.com,2020-02-15,10000,0
25f6a8ca-796f-4e45-8cf3-73b15787227c,Callum Riley,$2b$12$J2810IDUtZfljF2DCZN50.m6Mr1jOS0Xzou9fXEnCdms6Z8tfkKXi,praesent.eu.nulla@protonmail.com,2018-05-07,10000,0
cfebec20-2f32-4495-8b2c-a798793c5c91,Reese Mu,$2b$12$1r/IPHRUYbQO97nEztnZeuuZo811T0znJajkqlklh.oLlSdLp7rmy,sed@aol.com,2018-05-21,10000,0
f611f731-6648-4cba-84d2-9e3401b7734e,Cathleen Jindal,$2b$12$DoWyDysQuxuT8ZeYggXgxuiQqDWU2WnY9dS9eBXu2gKm.pO5GKVNC,non.hendrerit.id@outlook.com,2018-12-24,10000,0
4fd0b85a-de4d-4e68-a1c0-4a8d8f9f088b,Darius Boyd,$2b$12$mn8SQwhKCJUq3aG2M56v7etrE1.ZFJwXr8duhCoLNfi6wNUraxH/O,diam@google.com,2020-02-19,10000,0
0733a4d8-7619-4c81-ba34-77138aa91592,Fatima Hudson,$2b$12$JsiYAS/W18LLG2dxfjJ0q.2CJ5Z.KEGw4oxVk.ke8bA843B.Qr4PO,erat.vel@google.com,2019-02-27,10000,0
daa17ae6-758d-4044-bb56-4a06a0cb9438,Freya Xing,$2b$12$q9mQ9W2/DOGwzjqesyO1ZuGvwEwPohYzTsfYzDSMe4XM2r8PO4v7S,odio@google.com,2019-12-20,10000,0
7006e1c5-15ae-4116-bee9-9ac1ff785e52,Abra Win,$2b$12$Hvv3gSBnxnk0Pb5AevDQYeE9KZESzNb/6RQDEx1NjbbmiGZR6Zw2y,duis.mi@protonmail.com,2019-01-17,10000,0
229869b8-afa6-41c6-b094-8c30388addf9,Chancellor Ching,$2b$12$pIWaE608XATBK0ImHf1lYuBmCLSONzsp8F4TR6mQRybuWYTIYa05q,ac.turpis@outlook.com,2019-05-11,10000,0
7c5251f7-2076-45af-866f-d6804f38f24b,Uriah Puri,$2b$12$fNWkjPp479KbsnV9XC.zKudo3GRQK1cytNMDhIoVNb3jGerjgSU8G,quis.lectus.nullam@icloud.com,2019-11-23,10000,0
e86ffafd-3588-45b8-9b56-c4b002a0925a,Geoffrey Richards,$2b$12$GbrNrp7YWpN3E47Joghzy.UTeg.qq1WMJDTk9g0nvtXdS4TExey8G,ac@protonmail.com,2018-08-05,10000,0
c52742ee-fd0b-45e9-9ef5-54f0a662f173,Declan Matthews,$2b$12$nXcg/7/91Wli1iCHTCiLruL1Np/cUkIlaJjOjEP7YXXaSIycipCvK,massa@hotmail.com,2018-12-06,10000,0
63530a0c-1da6-45f3-a014-5c0e5828827c,Burke Seah,$2b$12$VpjdV/7M6RkYIYH9cESzKem1Pvr.jQUS6eBKwoEUExbeZsvFd19OC,vestibulum.neque.sed@hotmail.com,2019-02-07,10000,0
bcbd2a06-6001-4456-aa27-38fd4240662f,Patrick Sara,$2b$12$Vl4brGi7Iuv92t5eaHtEk.Ippwm2SNihQZZlfGMnVy6W356O8a7li,nunc.mauris@hotmail.com,2018-06-14,10000,0
f2b009cb-d826-47ae-b425-b0ab43d6375f,Kylan Peng,$2b$12$2Zerkma.IjrIyUksYRvCeeqwI7AdIysSfkUv5B1BouSp91di/7lky,penatibus.et@aol.com,2018-05-23,10000,0
39ba22f0-6144-4a4b-9f8b-0dc95845d0e2,Kelsie Raji,$2b$12$ElSKp.VgXoCUytqrrH8jquNqnkKDLwhDehJuWkyyt9d1YpHyuPHUC,aliquet.metus@protonmail.com,2020-03-11,10000,0
dbd57eb1-c3e7-48c7-9890-1883d48aa10e,Russell Sara,$2b$12$O9WAT4xlxGZ6G/DTBc4Nd.s.v0x0t6M3i/TYb5fpnwG9tS.n.jXd2,iaculis@aol.com,2020-01-28,10000,0
7b73f351-cb25-4e19-8b56-0a59ba5ef9f2,Dawn Torres,$2b$12$CnfVKvyOAq0WF0cLoFGQw.jwr8YGIVq7NBBfYf1F8SlJbFA8x7qFq,at.risus.nunc@protonmail.com,2019-07-23,10000,0
3003f8a3-e78b-4d3b-888f-8c67c6198809,Abel Loke,$2b$12$QbJpoY3bPd63FP4oeiEAdejRBR.9RIjopTvUtULHnS46QxYaqPK2a,eget.magna@hotmail.com,2019-09-11,10000,0
36eaac58-04d3-4fcb-acfc-72fed90e1ba8,Ezekiel Washington,$2b$12$fbV3qzgl5FG4sleW/TAoBe8qW4qSs3hNJMiLyNh9VRTqm0fz5/MQe,elit@protonmail.com,2019-11-23,10000,0
d3fb25fe-9975-466b-84a8-0713bf38c415,Burton Subramani,$2b$12$WMM7hNC4H2.C/VQbtbuAqeUqu2KtfxheFjoYm2Fyop9m65CIpL2w.,ligula.consectetuer@yahoo.com,2018-08-04,10000,0
b561315a-3dc6-4ed4-beba-0988de5c7033,Brenden Lee,$2b$12$Drk0z6OkZYhnt/vT5GgoDOt9.OO0.xN0S3Kz9pTt66DCYeOxQ5kdq,suspendisse.commodo@google.com,2020-03-16,10000,0
31bdae61-6397-4e10-89f8-061724e120ec,Neil Lane,$2b$12$hgdGreu9Th97f0OtzjYCEOcuh3TcDmMOALm3F0QnH7Lw0VPZu3cbS,enim.consequat.purus@hotmail.com,2020-03-25,10000,0
3918f08d-e96e-46e8-838f-1aa3f9bbadd8,Dawn Punj,$2b$12$AN.Zd54jLmLDdD89miYNZekGLWQMuuzBLmMH9RibAlpd00StEb03u,enim.sit@outlook.com,2018-09-03,10000,0
76530129-112c-43ef-bf48-e4344465d532,Micah Chaudhary,$2b$12$dSsWY.tHIlOFjvgp2gx1JeGuL2Ak.HKj7rkkJxNDkv4O4qEOx3Xbu,eget.ipsum@icloud.com,2018-10-12,10000,0
3a41b88f-1152-4b5e-bde7-5d0ec3b79992,Neville Weber,$2b$12$1gU7tjJRpV7c9eL2McPao.Z.tLjdWkLI0YfkZwfDrQ1mH90dUlGdq,in@protonmail.com,2019-01-24,10000,0
63d89a01-107c-47b6-bf30-505c645a175f,Geoffrey Vazquez,$2b$12$fuvr4wow1n5IArhbXUp8QOPa9ohwqydZcBUKKTrZ3vw.rJhVHWMm6,mauris@hotmail.com,2018-12-04,10000,0
23c72b2d-46a6-4f51-8314-5c4d4c3f252b,Sacha Kwee,$2b$12$UQ4KLA/opOUUAjOYKRBc3uDhpNQKm/ZE23IV5cS/OIdTCQMCGbl7m,euismod.urna@protonmail.com,2019-06-23,10000,0
9fb07414-4a78-46de-82cc-aacb32cb6aec,Riley Wilson,$2b$12$b.63QeqwPyVK1TkxBmOWUOp0Tl73narZiUKKfXZXaH8X4dFKxsmXC,tellus.suspendisse@outlook.com,2019-07-04,10000,0
57a8a5aa-1678-43b3-a1e6-c1e257284fd6,Tarik Jenkins,$2b$12$/s6wxVslYCSoiSlHGXfzoupo1vHpDEYETepgw6MUjzhkmj/ACoqHG,pede@aol.com,2018-07-31,10000,0
1bd4bff8-b3bd-4f10-85d6-aa034a919876,Unity Bishop,$2b$12$S1t0N5lUg477FdZGH6gUluVMX60SfepjcXIzoszXf9kY61pnX0Rc6,sem.nulla@aol.com,2019-06-06,10000,0
1a4afb5d-c466-4809-a508-0b9bf9106690,Britanney Hwang,$2b$12$OXWWD8hX8FKMoqfFPmXS4eO1OSfBjMcOcS9nONxeLKC1YVTdegHn.,in.molestie@icloud.com,2018-05-11,10000,0
