id,name,password,email,join_time,balance,burger_coin
1,Morgan Sharma,WXN78DKX3KR,elit.pede@protonmail.com,04-02-2024,10000,0
2,Howard Kwok,IKY24NKQ0WY,purus@icloud.com,04-02-2024,10000,0
3,Knox Tyagi,CHZ29TDT1DE,at.sem@protonmail.com,04-03-2024,10000,0
4,Jamalia Arun,HEA83XAB7SD,ornare.placerat@hotmail.com,04-01-2024,10000,0
5,Kylan Hernandez,CEI13UET7WE,sem.eget@aol.com,04-04-2024,10000,0
6,Harrison Ming,BOJ52TAO4MW,magna.a@hotmail.com,04-05-2024,10000,0
7,Joseph Swami,DWG68ISZ5QP,nonummy.ultricies.ornare@aol.com,04-01-2024,10000,0
8,Carly Neelam,OSN13GCY7ME,rhoncus@hotmail.com,04-05-2024,10000,0
9,Carter Sen,YRP47ZUA1CV,hendrerit@protonmail.com,04-04-2024,10000,0
10,Jillian Austin,EGC65OXX7DW,proin.vel@protonmail.com,04-02-2024,10000,0
11,Rhiannon Crawford,OCP27TMA1ZL,erat.sed@google.com,04-02-2024,10000,0
12,Harding Cheang,TZJ35XOU9MT,natoque.penatibus.et@yahoo.com,04-06-2024,10000,0
13,Carlos Xiong,FZG11TTW5KE,egestas@yahoo.com,04-02-2024,10000,0
14,Allistair Yang,JZO56XMU7GL,et@icloud.com,04-04-2024,10000,0
15,Simon Mason,CLC56KXZ7WL,vitae.diam@google.com,04-06-2024,10000,0
16,Savannah Kwon,OYL77HDQ3MM,proin.sed.turpis@google.com,04-03-2024,10000,0
17,Amal Shah,WGY88LQC3QK,auctor.non@icloud.com,04-03-2024,10000,0
18,Stacy Aggarwal,ORP67EHB7MP,placerat.cras@hotmail.com,04-03-2024,10000,0
19,Drake Harvey,ZSE18MPG4BD,cras@aol.com,04-05-2024,10000,0
20,Xantha Hamilton,JYE05VGQ2ZV,in.tempus@google.com,04-04-2024,10000,0
21,Arden Russell,ICN38KYV5DN,vestibulum@yahoo.com,04-03-2024,10000,0
22,Damon Muthu,LFP71EYC4IJ,dui.suspendisse@icloud.com,04-02-2024,10000,0
23,Wallace Sahni,EUE49QGU4LS,porttitor.eros@google.com,04-04-2024,10000,0
24,Jayme Bhat,MCD60XJC5JK,lobortis.tellus@protonmail.com,04-05-2024,10000,0
25,Catherine Fields,OWH82JJJ9TF,mauris.sapien@outlook.com,04-05-2024,10000,0
26,Catherine Kum,USI00OKN8VJ,nec.imperdiet@google.com,04-03-2024,10000,0
27,Caryn Reyes,KWJ85YLQ9EJ,montes@yahoo.com,04-02-2024,10000,0
28,Montana Stevens,MHO35WTP3NS,aliquet.libero.integer@aol.com,04-03-2024,10000,0
29,Brooke Rai,VPO72KDU7RF,sed.tortor@protonmail.com,04-04-2024,10000,0
30,Cassidy Torres,LCG78WUL4IN,aliquam.nec@outlook.com,04-02-2024,10000,0
31,Liberty Chia,TWM97EJK3LN,amet@aol.com,04-02-2024,10000,0
32,Chaney Liu,UUL14RCD3YO,pellentesque@icloud.com,04-04-2024,10000,0
33,Jackson Chen,TUO85FQS0OO,euismod.urna@yahoo.com,04-03-2024,10000,0
34,Wallace Au,MZC05GYI4SZ,nulla.vulputate.dui@google.com,04-04-2024,10000,0
35,Lee Mendez,VSG01EDQ6SC,faucibus@hotmail.com,04-06-2024,10000,0
36,Megan Srini,OSW00TUN3JQ,scelerisque@hotmail.com,04-02-2024,10000,0
37,Katelyn Hoffman,VOC49KWJ2ZI,ut.pellentesque@google.com,04-06-2024,10000,0
38,Reece Tran,ONB73ZSK7VQ,dis@hotmail.com,04-02-2024,10000,0
39,Evan King,MMS61XKQ9ZO,vel.faucibus.id@hotmail.com,04-05-2024,10000,0
40,Alana Verma,MML47WKN8VX,elit.elit@hotmail.com,04-05-2024,10000,0
41,Sylvester Mittal,WJK58LWF0NP,eu@icloud.com,04-03-2024,10000,0
42,Octavius Wong,TMI42PXY1QY,ac.orci.ut@hotmail.com,04-04-2024,10000,0
43,Venus Subramanian,YQM38VNK6JU,elementum@google.com,04-03-2024,10000,0
44,Sawyer Ford,VKN15RUX1NV,iaculis.nec.eleifend@outlook.com,04-02-2024,10000,0
45,Farrah Scott,HKY72ZMR1FC,at.velit@yahoo.com,04-05-2024,10000,0
46,Dana Sanders,IRU34FKQ7RX,in.tincidunt@aol.com,04-04-2024,10000,0
47,Brenden Mittal,EOP81UKM9XK,ultricies.sem@hotmail.com,04-02-2024,10000,0
48,Mari Loke,GIL71XKW0VI,facilisis.suspendisse.commodo@google.com,04-03-2024,10000,0
49,Drake Espinoza,BNB75XCM8TI,eleifend.non@yahoo.com,04-02-2024,10000,0
50,Sebastian Watson,OEQ73UCG5YI,ornare.fusce@hotmail.com,04-06-2024,10000,0
51,Tanek Rastogi,FZC70MHO8XL,tellus.id@icloud.com,04-04-2024,10000,0
52,Desirae Chakrabarti,OCN14ADB3IV,bibendum.fermentum.metus@icloud.com,04-03-2024,10000,0
53,Dolan Soon,YKV82RIC7SL,aliquet@google.com,04-02-2024,10000,0
54,Stewart Foo,TCV51XOY9RP,scelerisque@protonmail.com,04-04-2024,10000,0
55,Rosalyn Sethi,KRW89TMF5MG,cubilia.curae@hotmail.com,04-05-2024,10000,0
56,Jason Knight,PST96LND0HR,adipiscing.elit.curabitur@yahoo.com,04-05-2024,10000,0
57,Angela Xie,XCY01VOJ8HS,viverra.maecenas@hotmail.com,04-06-2024,10000,0
58,Mira Cheang,KJR44UEQ3VX,tortor.integer@yahoo.com,04-03-2024,10000,0
59,Malik Rana,LZH07GVP3PC,orci.tincidunt@outlook.com,04-05-2024,10000,0
60,Bevis Sin,HSD02QHZ8GR,tincidunt.aliquam.arcu@protonmail.com,04-02-2024,10000,0
61,Breanna Chander,KKK29CHO2XH,dignissim@protonmail.com,04-04-2024,10000,0
62,Ciara Sudha,KGW73JEJ2OX,mi.aliquam@yahoo.com,04-01-2024,10000,0
63,Inga Hudson,TIQ24SWM7LW,euismod.urna.nullam@icloud.com,04-02-2024,10000,0
64,Garrison Vasquez,DDP63INH3IQ,nibh.phasellus@outlook.com,04-03-2024,10000,0
65,Cathleen Sim,YQP82XOA4PK,enim@hotmail.com,04-03-2024,10000,0
66,Shea Rai,YOH88SDO8UY,dapibus.ligula.aliquam@yahoo.com,04-05-2024,10000,0
67,Iola Chew,EVS71SOU4DE,convallis.in@hotmail.com,04-05-2024,10000,0
68,Jelani Jones,PFN92LLP1EW,amet@yahoo.com,04-02-2024,10000,0
69,Burton Fields,MPH16BLI4KK,adipiscing.elit.etiam@icloud.com,04-03-2024,10000,0
70,Dean Long,RPY18WYD9MN,elit.elit@google.com,04-02-2024,10000,0
71,Rowan Thomas,XCO31PQD1TS,et@hotmail.com,04-06-2024,10000,0
72,Marvin Zhuang,NLI19GNC6LZ,eleifend.non@google.com,04-03-2024,10000,0
73,Vladimir Xiong,TSR78EYJ1II,sed@icloud.com,04-04-2024,10000,0
74,Karen Nirmal,UMJ62YWK4SW,et.ultrices@google.com,04-04-2024,10000,0
75,Stone Ong,DIM44BLJ4ED,nisi.aenean@google.com,04-03-2024,10000,0
76,Darrel Mahajan,WUO63QRL1FH,eu.dolor@icloud.com,04-06-2024,10000,0
77,Kaye Zhao,WFC38SMI2TI,euismod@yahoo.com,04-04-2024,10000,0
78,Phoebe Goel,VQN58XXX1LF,lacus.aliquam@hotmail.com,04-06-2024,10000,0
79,Malachi Sehgal,TGU95BAX3SD,sociis.natoque.penatibus@aol.com,04-02-2024,10000,0
80,Georgia Krishnamurthy,KYK95DNI1NC,enim.consequat.purus@protonmail.com,04-04-2024,10000,0
81,Macaulay Sahni,EUS63RVD1NP,et@yahoo.com,04-06-2024,10000,0
82,Preston Heng,LQD44MQP4MD,eget.magna@google.com,04-02-2024,10000,0
83,Mariam Pei,IFL61WOY7IX,consequat.auctor.nunc@protonmail.com,04-04-2024,10000,0
84,Abra Subramanian,JLR60KKJ2PR,sit.amet@aol.com,04-06-2024,10000,0
85,Leandra Hoffman,IGN66WEI9CI,tristique@google.com,04-04-2024,10000,0
86,Kirk Leow,PZS18EHY4IS,sed.est@protonmail.com,04-04-2024,10000,0
87,Shoshana Nelson,ZUW85TGJ3UN,fringilla.euismod@hotmail.com,04-04-2024,10000,0
88,Uriel Mehra,ZAE80TQP5ZV,a.aliquet@google.com,04-02-2024,10000,0
89,Hilda Rajagopal,TXO17OVJ1OV,ridiculus.mus@yahoo.com,04-04-2024,10000,0
90,Winifred Mo,NFD68JPW2OR,magna.et@protonmail.com,04-03-2024,10000,0
91,Nola Black,HCS27LND7WS,ut.nec@google.com,04-03-2024,10000,0
92,Tate Wu,CYI98RTQ4ZG,convallis.ligula.donec@protonmail.com,04-03-2024,10000,0
93,Channing Ranga,TSP58ZEK6PD,nec.eleifend.non@google.com,04-02-2024,10000,0
94,Aaron Nara,ECC85OYM3SN,sagittis@hotmail.com,04-05-2024,10000,0
95,Tate Joshi,KUR74DVL5YX,consequat.dolor.vitae@yahoo.com,04-01-2024,10000,0
96,Hall Sun,JML80RHC1PL,tempus.risus.donec@yahoo.com,04-03-2024,10000,0
97,Sage Qin,YQF17DWJ7PH,at.velit@outlook.com,04-06-2024,10000,0
98,Francesca Veer,ADI23JCQ1KN,lorem.auctor@outlook.com,04-02-2024,10000,0
99,Noble Duan,NRF78JLU2PO,orci.phasellus.dapibus@aol.com,04-03-2024,10000,0
100,Simon Saini,UAB72EVM5DP,pellentesque@google.com,04-01-2024,10000,0
101,Luke Neel,PFB34GEZ8PB,ac.urna@yahoo.com,04-03-2024,10000,0
102,Amanda Tian,MUM15OES1CP,id@hotmail.com,04-05-2024,10000,0
103,Nicholas Bowman,ZEW74WTF4NW,sit.amet@icloud.com,04-03-2024,10000,0
104,Timon West,AIJ74LGY4IL,quisque.porttitor@aol.com,04-05-2024,10000,0
105,Timothy Dhawan,LHS37HDP4KY,aliquam.ultrices@outlook.com,04-06-2024,10000,0
106,Richard Chande,TGQ88PBF6FB,proin.vel@google.com,04-04-2024,10000,0
107,Sasha Sai,GRN87VEC0ZE,nullam.vitae.diam@icloud.com,04-05-2024,10000,0
108,Stewart Bi,COM52VSG6IC,mus.aenean@aol.com,04-04-2024,10000,0
109,Fulton Tay,EQD53UEP6UB,nulla.integer.urna@protonmail.com,04-02-2024,10000,0
110,Patience Narang,BOI66LUT1OQ,et.magnis@google.com,04-06-2024,10000,0
111,Todd Pierce,TDI13GXE8PT,vitae@aol.com,04-02-2024,10000,0
112,Eve Williamson,XYR13CGY1YC,eget@google.com,04-05-2024,10000,0
113,Judah Mahajan,ELV49LOO1CD,tortor.at@protonmail.com,04-04-2024,10000,0
114,Abigail Sheng,KQY27NNJ6RM,dolor.fusce@google.com,04-04-2024,10000,0
115,Adria Mehra,MSQ48PUH8FN,commodo.ipsum@aol.com,04-01-2024,10000,0
116,Kennan Foong,WUX25WXF1VG,ut.dolor@icloud.com,04-02-2024,10000,0
117,Ferdinand Kwee,LMS02WQP4YW,curabitur.ut@yahoo.com,04-06-2024,10000,0
118,Burke Jai,WDY38IQE1NF,a.tortor@outlook.com,04-05-2024,10000,0
119,Melodie Sanchez,LMP11OGK4OO,cras.dictum@outlook.com,04-05-2024,10000,0
120,Zachary Brown,JBE04RPX3NQ,id.blandit.at@hotmail.com,04-05-2024,10000,0
121,Astra Mati,MVZ21WWH3GP,tellus.nunc.lectus@outlook.com,04-06-2024,10000,0
122,Paki Murray,JSM22TVA4GU,non.quam@google.com,04-03-2024,10000,0
123,Charde Ahmad,YMS11CGB4AJ,laoreet.ipsum.curabitur@aol.com,04-04-2024,10000,0
124,Victor Soe,DEG83SIY3ZD,aliquam@google.com,04-05-2024,10000,0
125,Abel Herrera,FZC34JGN6OX,lacinia@yahoo.com,04-04-2024,10000,0
126,Helen Woon,VTF64DXG5BP,ligula.donec.luctus@google.com,04-02-2024,10000,0
127,Malcolm Manju,YUT05JOP1TL,feugiat.sed@protonmail.com,04-04-2024,10000,0
128,Larissa Kong,WQD82QTE7FW,porttitor.eros@icloud.com,04-04-2024,10000,0
129,Dana Lata,BTB40FPD1HH,tristique.ac@icloud.com,04-06-2024,10000,0
130,Ashton Rajan,JTD88PTS1UC,commodo@outlook.com,04-03-2024,10000,0
131,Bryar Ng,LRL29WTA7LX,orci@icloud.com,04-01-2024,10000,0
132,May An,EQG88SUJ5PW,hendrerit.a@google.com,04-05-2024,10000,0
133,Yoko Yim,DPH86WNO3FE,convallis.dolor@icloud.com,04-05-2024,10000,0
134,Wing Kannan,CYC20BXB1KV,amet.ornare.lectus@hotmail.com,04-04-2024,10000,0
135,Hector Hansen,BLQ23XTC2HW,nec@aol.com,04-06-2024,10000,0
136,Duncan Alsagoff,WTR11QPE0EK,at.auctor@yahoo.com,04-06-2024,10000,0
137,Phelan Park,YID74FEL0GH,tellus.non@google.com,04-04-2024,10000,0
138,Hedda Tsang,CCS03HKC2HR,tortor.dictum.eu@google.com,04-05-2024,10000,0
139,Kelsie Mehra,BLE99YJC8DV,enim@aol.com,04-03-2024,10000,0
140,Armand Roy,NVW77KIY6TS,ipsum.primis@aol.com,04-04-2024,10000,0
141,Deirdre Yeung,LVE47KMF0UD,in.at@yahoo.com,04-03-2024,10000,0
142,Zachary Gong,OGR04NMR1VC,nibh@hotmail.com,04-04-2024,10000,0
143,Allistair Kwan,ACR19UGM4UC,auctor@aol.com,04-02-2024,10000,0
144,Ross Richards,XJI54HBW3MR,aliquam.nec.enim@aol.com,04-06-2024,10000,0
145,Alan Srini,CQW10NEN4EY,risus@protonmail.com,04-02-2024,10000,0
146,Stella Welch,VCD46KCI4WV,libero.donec.consectetuer@google.com,04-02-2024,10000,0
147,Xavier Mehra,PNU06IEX8OR,ipsum.dolor@aol.com,04-06-2024,10000,0
148,Chanda Jing,OPN28MVW7QW,curabitur.ut@google.com,04-05-2024,10000,0
149,Helen Chander,GDA61JEV3JV,nunc.sed@icloud.com,04-01-2024,10000,0
150,Patrick Wheeler,LMO98RJS5XQ,et.lacinia@outlook.com,04-03-2024,10000,0
151,Wing Wong,TPL41KGY7CJ,sed.est.nunc@google.com,04-02-2024,10000,0
152,Wendy Tian,YQO27NAL5TD,integer.tincidunt@google.com,04-02-2024,10000,0
153,Shoshana Dhawan,ETG67ZNL7IA,lectus@yahoo.com,04-01-2024,10000,0
154,Joan Mahajan,QAW26PPQ5UH,felis.orci@aol.com,04-05-2024,10000,0
155,Hedwig Saxena,OTA20LQS4MQ,pede.nonummy.ut@aol.com,04-03-2024,10000,0
156,Rudyard Burton,XXK98MVX4IG,quis.pede@google.com,04-05-2024,10000,0
157,Sade Wong,AMX23JJK6QG,purus.maecenas.libero@protonmail.com,04-03-2024,10000,0
158,Kay Au,JCC64AFY8ZW,quis.pede@hotmail.com,04-03-2024,10000,0
159,Aquila Manohar,IMT92TLD2WJ,cras.interdum@yahoo.com,04-02-2024,10000,0
160,Stacey Sharma,FQU65FSY3JB,eget@hotmail.com,04-03-2024,10000,0
161,Darrel Robertson,PUI25KWS3GG,et@google.com,04-06-2024,10000,0
162,Brady Ranga,VYH29WKQ7CD,proin.eget.odio@yahoo.com,04-03-2024,10000,0
163,Lee Kishore,FPA28AUW6ES,ligula.tortor@icloud.com,04-01-2024,10000,0
164,Christopher Koh,EMH75IUX5PE,at@yahoo.com,04-02-2024,10000,0
165,Dante Uddin,RNJ51MKO8VH,tellus.imperdiet.non@aol.com,04-01-2024,10000,0
166,Reed Garrett,IWZ62RTK3SY,adipiscing.elit.aliquam@hotmail.com,04-02-2024,10000,0
167,Thaddeus Veer,TFJ51NRI3GJ,dolor.nulla@outlook.com,04-01-2024,10000,0
168,Dexter Adams,PVV13JAH3EY,maecenas.malesuada@yahoo.com,04-03-2024,10000,0
169,Sage Burton,JOS88ERB1XG,est.nunc.laoreet@icloud.com,04-04-2024,10000,0
170,Chaim Kapoor,HFV75YYR2SA,aliquet@icloud.com,04-04-2024,10000,0
171,Julian Soni,HFT77WWG5QO,risus@protonmail.com,04-05-2024,10000,0
172,Eugenia Lata,BJD78XYO9BN,odio.sagittis@yahoo.com,04-04-2024,10000,0
173,Nicholas Cao,GSV52LHC4DB,bibendum.donec@icloud.com,04-01-2024,10000,0
174,Courtney Aguilar,OJO50IDS7ST,sem.semper@icloud.com,04-01-2024,10000,0
175,Asher Kelley,PAC77OHC5IO,aliquam.iaculis.lacus@yahoo.com,04-03-2024,10000,0
176,Jessamine Russell,VEJ32OGV0GU,vitae.semper.egestas@yahoo.com,04-03-2024,10000,0
177,Malik Yan,XSU31GKR3KJ,mattis@google.com,04-01-2024,10000,0
178,Berk Brown,NXM75LJE1PL,sed.nunc@outlook.com,04-04-2024,10000,0
179,Zephr Seetoh,CEW65WLG3BO,lacus.quisque@yahoo.com,04-02-2024,10000,0
180,Claire Samuel,PWP58QRB5KY,proin.sed@hotmail.com,04-06-2024,10000,0
181,Troy Punj,SIA78DTG5BT,ligula@protonmail.com,04-06-2024,10000,0
182,Madeline Chen,WFM12VKH2NK,id.ante@aol.com,04-05-2024,10000,0
183,Hamilton Mehta,EUT04HNY2UA,purus.sapien@icloud.com,04-06-2024,10000,0
184,Honorato Franklin,OKZ58QYZ4CG,lacinia.orci.consectetuer@hotmail.com,04-02-2024,10000,0
185,Daquan Seet,HNY61MRL3UK,duis@outlook.com,04-03-2024,10000,0
186,Genevieve Ching,GFG83PNE7FG,ullamcorper.duis@hotmail.com,04-06-2024,10000,0
187,Isadora Tan,WDH28TRN0SC,nunc.id@outlook.com,04-06-2024,10000,0
188,Kyla Nara,YRI29HSC6LX,sed.turpis.nec@yahoo.com,04-01-2024,10000,0
189,Tara Nigam,MXT48YSW8WN,sit.amet@protonmail.com,04-06-2024,10000,0
190,Felix Chee,XFD31DBD1HC,phasellus.fermentum.convallis@google.com,04-06-2024,10000,0
191,Yael Manju,FTC74EXR3WQ,mi.aliquam@icloud.com,04-05-2024,10000,0
192,Kermit Black,LQU84CZD1YX,aliquet.vel.vulputate@protonmail.com,04-04-2024,10000,0
193,Colleen Sandeep,GKB41QPC7MQ,etiam.laoreet@icloud.com,04-03-2024,10000,0
194,Cairo Srini,DCX76BXK4RS,justo@outlook.com,04-03-2024,10000,0
195,Abbot Hicks,CTF21QVX6KX,adipiscing.lacus@icloud.com,04-03-2024,10000,0
196,Allistair Goel,CPJ47HQT7EG,faucibus.orci.luctus@protonmail.com,04-06-2024,10000,0
197,Leah Bryant,MLW25CGS2XS,vulputate.dui@aol.com,04-04-2024,10000,0
198,Mark Tran,GGR33NFB6MX,gravida@aol.com,04-05-2024,10000,0
199,Isaac Baker,TIH64FRU9IM,placerat@yahoo.com,04-03-2024,10000,0
200,India Schultz,WOI55NXF9XI,vulputate.risus@outlook.com,04-05-2024,10000,0
201,Brenda Bi,NFL66SOE4PN,vitae.aliquam.eros@google.com,04-03-2024,10000,0
202,Larissa Nguyen,AHX35VPL4RM,aliquam@hotmail.com,04-02-2024,10000,0
203,Hu Chander,KNU03JLN3IV,magna@outlook.com,04-04-2024,10000,0
204,Talon Patterson,LDI03AID9SA,nibh.sit@hotmail.com,04-06-2024,10000,0
205,Wayne Robinson,FRV36TFL4PB,mi.lorem.vehicula@google.com,04-04-2024,10000,0
206,Molly Sullivan,LVX66CFS6OJ,auctor.vitae@hotmail.com,04-02-2024,10000,0
207,Denise Chaudhary,VBW42GWE1IK,auctor@protonmail.com,04-06-2024,10000,0
208,Kenyon Harvey,NUP72LJR5VO,eu.odio@protonmail.com,04-03-2024,10000,0
209,Xyla Lawson,PMV87RAC1YI,ornare.lectus@protonmail.com,04-05-2024,10000,0
210,Quintessa Lwin,LHG38NKG6UF,gravida.sit@hotmail.com,04-01-2024,10000,0
211,Daria Brooks,TLA39PUB4HK,id@outlook.com,04-05-2024,10000,0
212,Garth Hong,ACN42RXD5JK,aliquam.ornare.libero@google.com,04-04-2024,10000,0
213,Andrew Williams,LCQ96IWX8HD,mus.aenean@icloud.com,04-03-2024,10000,0
214,Ashton Yap,FTI47HWB6GK,fringilla.porttitor.vulputate@protonmail.com,04-05-2024,10000,0
215,Brynn Zhuang,MPM49NEN6FK,justo.praesent@icloud.com,04-06-2024,10000,0
216,Lane Subram,FEI31ORQ9LR,tristique.senectus.et@outlook.com,04-02-2024,10000,0
217,Beau Raji,IQK26KPD7RV,sociosqu.ad@google.com,04-02-2024,10000,0
218,Helen Owens,HPJ63QGC5PL,ipsum.porta@aol.com,04-04-2024,10000,0
219,Shoshana Campbell,MSG67NLJ8UU,amet.ante.vivamus@google.com,04-01-2024,10000,0
220,Lillian Narayan,BPU33HBV6RA,et@hotmail.com,04-04-2024,10000,0
221,Lunea Bennett,EER62GRX4OY,duis.volutpat@google.com,04-02-2024,10000,0
222,Deacon Narang,HTJ61UGK7MZ,porttitor@outlook.com,04-05-2024,10000,0
223,Aspen Davis,HTT46OJO2QE,sapien.cursus@google.com,04-04-2024,10000,0
224,Bree Jenkins,OJT24YWT3OJ,id.sapien.cras@yahoo.com,04-04-2024,10000,0
225,Tara Subram,GFT89CYW3QF,justo.nec.ante@aol.com,04-06-2024,10000,0
226,Virginia Yang,KFF26HEI2HU,vulputate@yahoo.com,04-03-2024,10000,0
227,Sydney Chauhan,IFB10PPX6DE,a.tortor.nunc@hotmail.com,04-04-2024,10000,0
228,Ginger Ganesh,UQN52SXR4OL,praesent.luctus.curabitur@outlook.com,04-02-2024,10000,0
229,Kimberley Pawan,IFZ93WML4BG,eget@protonmail.com,04-04-2024,10000,0
230,Hadley Lopez,XRF01IUT7CT,egestas.blandit@yahoo.com,04-06-2024,10000,0
231,Hope Wong,FNM94MXQ5UR,orci.quis@google.com,04-02-2024,10000,0
232,Kristen Wood,HVS33HCS6FR,pharetra@google.com,04-02-2024,10000,0
233,Alisa Fields,CYA90DID3TE,lorem.eget.mollis@icloud.com,04-04-2024,10000,0
234,Xanthus Alvarado,IXD72KJC3UC,velit@yahoo.com,04-01-2024,10000,0
235,Marsden Harvey,ARG32DGC7PW,vulputate.risus@google.com,04-02-2024,10000,0
236,Noelani Soon,MLJ10VPJ8QK,nec.ante@hotmail.com,04-02-2024,10000,0
237,Cassandra Gao,CYL45NIS0LJ,montes.nascetur@icloud.com,04-06-2024,10000,0
238,Elmo Sudha,HJB62XCF9OF,fames.ac.turpis@icloud.com,04-05-2024,10000,0
239,Brennan Quek,QAS57XHK5XJ,magna.et@aol.com,04-04-2024,10000,0
240,Tanya Naing,JDT42NVG7LM,nascetur.ridiculus@aol.com,04-01-2024,10000,0
241,Donna Lew,WIC67UKB1YY,gravida.mauris@icloud.com,04-05-2024,10000,0
242,Ivory Liew,OLE56TTS3QX,congue@icloud.com,04-06-2024,10000,0
243,Sarah Seo,IAK51XMA2NB,malesuada.augue@aol.com,04-04-2024,10000,0
244,Jane Shu,IZI65THW0HF,vitae@aol.com,04-02-2024,10000,0
245,Joelle Nirmal,BPJ55STE8VF,duis@yahoo.com,04-05-2024,10000,0
246,Martin Little,QSU53ONB5EK,sollicitudin@outlook.com,04-02-2024,10000,0
247,Timothy Taylor,GCT68PDN6JV,elementum@hotmail.com,04-04-2024,10000,0
248,Dai Vargas,FMY14UUF5BY,amet.consectetuer@outlook.com,04-03-2024,10000,0
249,Colby Gilbert,CDY89GSB8LO,ut@google.com,04-02-2024,10000,0
250,Arsenio Jacobs,HUV80HQR8FR,erat.in@outlook.com,04-06-2024,10000,0
251,Maggie Malhotra,EUJ62OJY9OY,cursus@icloud.com,04-03-2024,10000,0
252,Priscilla Howard,VIP71QQO3NE,penatibus.et.magnis@outlook.com,04-02-2024,10000,0
253,Stewart Romero,ZQG29WIG4NQ,dignissim@aol.com,04-02-2024,10000,0
254,Tara Veer,CFV13KNR8VV,eu.ligula.aenean@outlook.com,04-02-2024,10000,0
255,Murphy Narayan,WWQ10ALW2EN,nisi.magna@yahoo.com,04-02-2024,10000,0
256,Igor Santiago,HPG05ZPE0CX,dolor.donec@google.com,04-05-2024,10000,0
257,Kitra Verma,RRT23HIU7ZW,arcu.sed.eu@protonmail.com,04-01-2024,10000,0
258,Kimberly Lau,IPV54JXX7ZA,odio.sagittis@hotmail.com,04-06-2024,10000,0
259,Summer Dhawan,HVR37HTM5PM,dictum.cursus.nunc@yahoo.com,04-02-2024,10000,0
260,Katelyn Woo,QHK68VKP0DW,in@google.com,04-04-2024,10000,0
261,Galvin Duncan,YDG15QLM9GR,pretium.et@google.com,04-05-2024,10000,0
262,Roanna Persaud,PUF52VOS0AW,a.felis.ullamcorper@outlook.com,04-06-2024,10000,0
263,Hamilton Subramanian,NHV67QTP8KL,aliquam@aol.com,04-05-2024,10000,0
264,Alec Sze,STP17ISD6EI,vehicula@protonmail.com,04-06-2024,10000,0
265,Ima Lata,NPS84UYO0XM,mi.pede.nonummy@outlook.com,04-04-2024,10000,0
266,Ann Xin,BNS44UGE2KN,velit.quisque@outlook.com,04-04-2024,10000,0
267,Martin Cheah,DNC18XVD9MS,vulputate.posuere.vulputate@yahoo.com,04-04-2024,10000,0
268,Barbara Stewart,KVP23HMH3SM,mauris@yahoo.com,04-04-2024,10000,0
269,Oliver Sethi,MSV72DMT7LS,amet.nulla.donec@protonmail.com,04-02-2024,10000,0
270,Allistair Phang,EPV82FNO4ZU,mauris.sapien@outlook.com,04-04-2024,10000,0
271,Jescie Welch,GKV03GOZ5LO,ipsum.non@google.com,04-02-2024,10000,0
272,Ali Chou,RRG25OFK4GG,ac.metus@protonmail.com,04-01-2024,10000,0
273,Chelsea Rice,IEX90WVS3NS,adipiscing.fringilla@protonmail.com,04-02-2024,10000,0
274,Philip Estrada,QCR41TLI4QC,nunc@aol.com,04-05-2024,10000,0
275,Tyler Malhotra,BTC77VFO6ZM,ridiculus.mus@icloud.com,04-01-2024,10000,0
276,Chase Lu,ARX96KVW5JI,nulla.semper@hotmail.com,04-05-2024,10000,0
277,Jasper Nita,ACS47NPP6MS,pellentesque@icloud.com,04-05-2024,10000,0
278,Ignatius Neelam,SXQ47UED3XM,eros.turpis.non@hotmail.com,04-04-2024,10000,0
279,Phyllis Tucker,QWQ78YUU1SD,odio@hotmail.com,04-02-2024,10000,0
280,Yael Fu,YDB25MCO3IL,a@google.com,04-05-2024,10000,0
281,Illiana Hicks,GJL40CVW6BS,libero.integer@protonmail.com,04-03-2024,10000,0
282,Haviva Srivastav,NNJ38BST3QB,gravida@yahoo.com,04-05-2024,10000,0
283,Karen Zhang,XRB16OTN3KX,tellus.lorem@icloud.com,04-03-2024,10000,0
284,Dalton Dutta,SVD11NOL5TL,fringilla.purus@yahoo.com,04-04-2024,10000,0
285,Castor Day,CRI43OQE2YJ,in.faucibus@outlook.com,04-06-2024,10000,0
286,Illiana Xiang,BZE12GIJ8RJ,pretium.et.rutrum@yahoo.com,04-02-2024,10000,0
287,Connor Loke,KVG72PNG7QG,habitant@google.com,04-01-2024,10000,0
288,Jenette Zou,PZF47PWH1LL,eleifend.nunc@aol.com,04-03-2024,10000,0
289,Rogan Cao,CMW48GTS7EE,a.feugiat@outlook.com,04-02-2024,10000,0
290,Yvonne Ying,BPS21LQV6JH,pede.cum@aol.com,04-02-2024,10000,0
291,Carlos Bell,HWM31MMU6DE,morbi.vehicula@protonmail.com,04-03-2024,10000,0
292,Lucian Srini,EVR37HLO1OE,hendrerit.donec@outlook.com,04-01-2024,10000,0
293,Maia Yue,KSF80ROL7MO,imperdiet.nec@hotmail.com,04-03-2024,10000,0
294,Debra Perry,EXS72JET4VL,feugiat.metus@icloud.com,04-01-2024,10000,0
295,Carson Alvarado,XXC12AVB7AM,lorem.eu@icloud.com,04-02-2024,10000,0
296,Graiden Vega,FKO05ZFK3XJ,suspendisse@yahoo.com,04-03-2024,10000,0
297,Beau Franklin,ZBI85BVJ2DD,nunc@protonmail.com,04-03-2024,10000,0
298,Oliver Lin,OOA92VUT6EP,volutpat@google.com,04-03-2024,10000,0
299,Madeline Meena,RGK18JKP6RI,et.netus@aol.com,04-04-2024,10000,0
300,Rosalyn Veer,XSG92QPM5WU,rutrum.urna@google.com,04-02-2024,10000,0
301,Chandler Mehta,UIH79KUE4IV,lacinia.at@icloud.com,04-03-2024,10000,0
302,Edward Gupta,NLN32GOI2GX,sollicitudin.adipiscing@protonmail.com,04-03-2024,10000,0
303,Lois Mahajan,RNI80TWL8KB,nulla.donec@outlook.com,04-06-2024,10000,0
304,Benedict Veena,MHE86KSC5SC,pede@google.com,04-04-2024,10000,0
305,Gregory Name,KSG77AIQ9AM,et.tristique@protonmail.com,04-02-2024,10000,0
306,Samuel Martinez,NEX51TGX3RV,sed.nunc@hotmail.com,04-03-2024,10000,0
307,Ramona Swami,VSL07MXW4FQ,vestibulum@yahoo.com,04-06-2024,10000,0
308,Conan Powell,SWQ62ROS2CN,eu.dui.cum@outlook.com,04-04-2024,10000,0
309,Malik Marshall,TAQ18HON7TX,interdum.ligula@google.com,04-06-2024,10000,0
310,Salvador Sen,PZT45XDK6NU,quam.a.felis@yahoo.com,04-06-2024,10000,0
311,Adena Clark,PKK75RBO2ME,in.hendrerit@google.com,04-04-2024,10000,0
312,Ifeoma Fung,HAN93TRO5JI,nullam.enim@google.com,04-04-2024,10000,0
313,Calvin Gomez,GJF96GXW3UZ,mattis.semper.dui@icloud.com,04-01-2024,10000,0
314,Palmer Reddy,TJO26PAL9CO,class@outlook.com,04-02-2024,10000,0
315,Morgan Wong,LIK30SQR8MU,a@hotmail.com,04-03-2024,10000,0
316,Kaseem Kishore,RRD87OJL6RF,non.justo@hotmail.com,04-04-2024,10000,0
317,Steven Padilla,KUX49LOO3TE,faucibus.leo@google.com,04-01-2024,10000,0
318,Jacqueline Dutta,PSO11RYN4IS,volutpat.nulla@protonmail.com,04-02-2024,10000,0
319,Harlan Franklin,CZR29ZAO1NN,auctor.velit.aliquam@yahoo.com,04-02-2024,10000,0
320,Destiny Seet,DRK30UQR7RY,tristique.senectus@outlook.com,04-02-2024,10000,0
321,Walker Nita,RXJ32DUB6FF,leo.morbi@icloud.com,04-05-2024,10000,0
322,Quynn Chng,OMJ55UOU3YF,pharetra@yahoo.com,04-06-2024,10000,0
323,Mechelle Nara,QSS52VMK3FQ,sodales.nisi.magna@protonmail.com,04-03-2024,10000,0
324,Morgan Neel,GAE74WFS5QF,fusce.dolor.quam@aol.com,04-04-2024,10000,0
325,Cain Valdez,URR41IIV1IB,venenatis@outlook.com,04-05-2024,10000,0
326,Levi Punj,LBZ52ZEE6FW,eget.lacus.mauris@google.com,04-02-2024,10000,0
327,Walter Lay,SQT78UWS6HS,purus.mauris.a@icloud.com,04-03-2024,10000,0
328,Adam Meena,DYI85CRW3VN,accumsan.convallis@yahoo.com,04-02-2024,10000,0
329,Naida Subramani,VFT57KBH4IV,fames@hotmail.com,04-06-2024,10000,0
330,Cain Chow,IOR47LSS7PE,ligula.consectetuer@aol.com,04-02-2024,10000,0
331,Holly Subramanian,CQI88PSL5BV,cras.vulputate.velit@hotmail.com,04-02-2024,10000,0
332,Anika Wood,XRZ28KPE3RX,mauris.vestibulum@outlook.com,04-03-2024,10000,0
333,Jena Kwee,TAS95QJI6UC,iaculis.lacus@protonmail.com,04-03-2024,10000,0
334,Talon Ban,AFY00SKU3WN,ac.libero@yahoo.com,04-02-2024,10000,0
335,Hedy Vijaya,MWB80ZBJ8YJ,in.tincidunt.congue@hotmail.com,04-05-2024,10000,0
336,Channing Lopez,ILP97QSP1DZ,nec.leo.morbi@protonmail.com,04-05-2024,10000,0
337,Orla Subramanian,KYH88RXC1KR,class.aptent@aol.com,04-05-2024,10000,0
338,Tanek Ngai,XGG18LUM3JY,vulputate.risus@outlook.com,04-06-2024,10000,0
339,Jaime Gonzalez,VMV38TFI6KF,cum@protonmail.com,04-04-2024,10000,0
340,Geoffrey Bhatt,VFB95XER2BO,massa.suspendisse@yahoo.com,04-04-2024,10000,0
341,Cole Ramos,TPC22OPQ7GE,convallis.est.vitae@google.com,04-06-2024,10000,0
342,Macon Porter,YQD23NNO5SB,donec@hotmail.com,04-02-2024,10000,0
343,Inga Gutierrez,HSW63QBP1HS,proin@aol.com,04-01-2024,10000,0
344,Michael Neelam,HII56BGM4FV,non.leo@aol.com,04-02-2024,10000,0
345,Lael Nguyen,RGR58LEF0JW,eleifend.vitae@outlook.com,04-04-2024,10000,0
346,Cyrus Siu,KAK11BFI6UZ,dolor.sit@outlook.com,04-05-2024,10000,0
347,Kelly Boon,YHV05XWN3HI,consectetuer.ipsum.nunc@protonmail.com,04-03-2024,10000,0
348,Savannah Stewart,QGK95CDT3TN,sit.amet.luctus@protonmail.com,04-02-2024,10000,0
349,Walker Oo,ATS78VZX6GA,dolor@protonmail.com,04-02-2024,10000,0
350,Donovan Barnes,JIO53TIZ5FT,quisque.varius@aol.com,04-01-2024,10000,0
351,Reece Swami,GNB60AME1GQ,quam@google.com,04-04-2024,10000,0
352,Rashad Gandhi,PFD95RHH2RK,nisi.mauris@protonmail.com,04-02-2024,10000,0
353,Karyn You,ZAR38BVG7UH,auctor.vitae.aliquet@google.com,04-06-2024,10000,0
354,Colin Dong,BRP37CVE4IL,etiam@hotmail.com,04-02-2024,10000,0
355,Marcia Maldonado,QRN28CQZ9AV,sit.amet@icloud.com,04-04-2024,10000,0
356,Carly Raj,ZPN57SVO8JQ,hymenaeos.mauris@protonmail.com,04-06-2024,10000,0
357,Brett Kwek,BPK77RVE5BB,pulvinar@protonmail.com,04-06-2024,10000,0
358,Ifeoma Veer,PHJ36JCJ8CP,orci@google.com,04-04-2024,10000,0
359,Susan Subramanian,SMT11WPT2HD,parturient.montes@yahoo.com,04-05-2024,10000,0
360,Louis Soh,RXC64HIL1CL,neque.sed@icloud.com,04-01-2024,10000,0
361,Cleo Baker,FYL44VUH5PL,turpis.nulla.aliquet@aol.com,04-05-2024,10000,0
362,Audrey Andrews,VLW13LVK7YH,consectetuer@aol.com,04-05-2024,10000,0
363,Iona Morgan,DSH29FTH7WK,mauris.suspendisse.aliquet@google.com,04-01-2024,10000,0
364,Naida Pal,YMY73GIX6AO,sem@protonmail.com,04-02-2024,10000,0
365,Madeline Neel,CRF19SJP3NW,cursus.purus@hotmail.com,04-05-2024,10000,0
366,Hayley Johnson,YBE33FGQ8HO,nibh.lacinia@aol.com,04-06-2024,10000,0
367,Kameko Neel,BRT15BRA6PU,luctus.lobortis.class@aol.com,04-06-2024,10000,0
368,Jerry Siu,JFQ95HLB7ON,eu.turpis@aol.com,04-04-2024,10000,0
369,Marah Rodriguez,NUK08CNV1BL,integer@yahoo.com,04-04-2024,10000,0
370,Hedley Aggarwal,ISI47WTU1BJ,lectus.ante.dictum@hotmail.com,04-04-2024,10000,0
371,Vance Tong,FYJ91OYS2NM,quisque@icloud.com,04-06-2024,10000,0
372,Hayes Lopez,NVT58APH5NB,ligula.aliquam@icloud.com,04-05-2024,10000,0
373,Dolan Wu,NXX26ILF7VG,vitae@hotmail.com,04-04-2024,10000,0
374,Hayes Chew,TGT65PEU0MZ,sed.nulla@aol.com,04-03-2024,10000,0
375,Rafael Vazquez,RJR91IPV6NQ,eu.enim@icloud.com,04-06-2024,10000,0
376,Octavius Raje,UTX77IHP5MH,nisi.nibh@google.com,04-05-2024,10000,0
377,Donna Hua,WDC03CVD5KG,morbi.tristique@hotmail.com,04-04-2024,10000,0
378,Cameron Kapoor,NYY73CKS0BW,dui.cum.sociis@protonmail.com,04-02-2024,10000,0
379,Matthew Engineer,XUJ33MHJ6WD,nunc.sit.amet@yahoo.com,04-04-2024,10000,0
380,Burton Mills,UHJ18EWE1KR,dictum.eu@outlook.com,04-03-2024,10000,0
381,Henry Fowler,RES44OOJ5BG,nascetur.ridiculus.mus@yahoo.com,04-04-2024,10000,0
382,Raphael Mani,QUE27YTP8PD,dolor.sit@protonmail.com,04-06-2024,10000,0
383,Daquan Chao,PNL36GLV7UM,purus.mauris@google.com,04-02-2024,10000,0
384,Amelia Bhatt,PSP12RLZ3AP,sit@outlook.com,04-06-2024,10000,0
385,Meghan Sharma,TNG44ICE6HZ,metus.vitae@icloud.com,04-05-2024,10000,0
386,Maya Cox,UYG42HVO6TZ,vulputate.velit@outlook.com,04-03-2024,10000,0
387,Scarlett Black,KGG89JKK2FG,ante.lectus@aol.com,04-03-2024,10000,0
388,Alexander Teh,WZD43IIK3WO,mi.aliquam.gravida@aol.com,04-03-2024,10000,0
389,Hilda Kwa,CXZ65WIY5SU,auctor@yahoo.com,04-05-2024,10000,0
390,Jael Goel,IHQ98PIV4CX,odio.semper.cursus@hotmail.com,04-02-2024,10000,0
391,Sydney Woon,PSR87DHO3OU,auctor.non@google.com,04-04-2024,10000,0
392,Nerea Ganesh,DSN70BNK6RJ,nisi.mauris@hotmail.com,04-06-2024,10000,0
393,Mark Graham,MVW19DXD7WK,ut.erat@icloud.com,04-06-2024,10000,0
394,Nichole Malhotra,ZJT49RVP2CD,donec.egestas@aol.com,04-05-2024,10000,0
395,Meghan Singh,KQM19IXV8MT,libero.integer@outlook.com,04-06-2024,10000,0
396,September Krishnamurthy,IIL71BLN3WF,arcu@outlook.com,04-05-2024,10000,0
397,Mara Name,OIY65MJH7YC,ipsum.suspendisse@hotmail.com,04-03-2024,10000,0
398,Ezra Arun,HHU77KYV6VY,facilisis@outlook.com,04-02-2024,10000,0
399,Aphrodite Chaudhary,HNG86QRM1SS,nibh.quisque@outlook.com,04-06-2024,10000,0
400,Hollee Kwan,VUH44QTK7OR,vivamus@yahoo.com,04-03-2024,10000,0
401,Luke Weber,XHM25UMQ1CT,auctor@aol.com,04-04-2024,10000,0
402,Damian Gordon,GTV78CJP2ME,ornare.elit@protonmail.com,04-05-2024,10000,0
403,Tad Lee,MBL29ZIJ6JE,ipsum.ac.mi@icloud.com,04-05-2024,10000,0
404,Robin Woo,LCS57DUI6XS,lectus.nullam@protonmail.com,04-02-2024,10000,0
405,Carter Rajagopal,TMW68RGW7HQ,tristique.pharetra@yahoo.com,04-06-2024,10000,0
406,Chandler Brooks,KRU36VOR9HQ,magna.a@hotmail.com,04-05-2024,10000,0
407,Nicole Pak,INS23CDP2KY,nec.leo.morbi@google.com,04-02-2024,10000,0
408,Paul Subramani,IOV18XNI1DV,laoreet.lectus@google.com,04-06-2024,10000,0
409,Ingrid Subram,WUN85ZHW6DJ,in.felis@yahoo.com,04-01-2024,10000,0
410,Rae Ramirez,ETB69IJG7MI,vestibulum@outlook.com,04-02-2024,10000,0
411,Jasper Hou,DFI55VBG6RC,suspendisse@outlook.com,04-06-2024,10000,0
412,Madeson Poh,FAJ11IAT0YE,a@hotmail.com,04-02-2024,10000,0
413,Rinah Adams,SEX57BBL5NT,etiam.laoreet.libero@icloud.com,04-02-2024,10000,0
414,Cameran Kumar,YQV87JIT0TY,elit@google.com,04-03-2024,10000,0
415,Rose Loke,DQU71IWD2HX,est@hotmail.com,04-03-2024,10000,0
416,Rooney Xia,ROO54BIO2YH,quis.arcu.vel@hotmail.com,04-03-2024,10000,0
417,Jescie Perkins,CBZ87VTK5OR,malesuada@yahoo.com,04-03-2024,10000,0
418,Arden Tee,KHW47OHY1WY,aliquam.erat@aol.com,04-02-2024,10000,0
419,Lael Naran,HUL28EKP4BD,dis.parturient@icloud.com,04-04-2024,10000,0
420,Amy Mahajan,TGL76DYD9WU,a.nunc.in@aol.com,04-05-2024,10000,0
421,Benjamin Nunez,JIQ68YSM1LM,fringilla.purus@google.com,04-04-2024,10000,0
422,Nissim Knight,SJH14VBF0UI,felis.ullamcorper@outlook.com,04-02-2024,10000,0
423,Britanni Anderson,NOC64MCX4NN,ullamcorper.nisl.arcu@google.com,04-05-2024,10000,0
424,Emily Tyagi,YKP55ALG7XW,at@outlook.com,04-06-2024,10000,0
425,Quamar Nagpal,XIC62KHB9VI,cum.sociis.natoque@icloud.com,04-03-2024,10000,0
426,Candace Yang,PLH75FZW2PM,proin@outlook.com,04-03-2024,10000,0
427,Catherine Mehra,PQU10NJO9OY,a.arcu@outlook.com,04-02-2024,10000,0
428,Dustin Montgomery,OKJ24DDS6CF,cursus.et@outlook.com,04-05-2024,10000,0
429,Prescott Grant,ZJH04XYM6JI,nam.interdum.enim@google.com,04-03-2024,10000,0
430,Armand Contreras,YSQ01CFE1JY,lobortis.tellus@hotmail.com,04-05-2024,10000,0
431,Walker Sin,NYK67CFM4WQ,donec.non.justo@yahoo.com,04-03-2024,10000,0
432,Beau Tyagi,WPE62SNL8IU,gravida.sit@protonmail.com,04-05-2024,10000,0
433,Tanisha Narang,RTF84JFC0OO,ac.feugiat.non@aol.com,04-06-2024,10000,0
434,Shay Ramirez,UNU41XCY2AI,tincidunt.donec.vitae@protonmail.com,04-06-2024,10000,0
435,Chadwick Tanaka,PMP52ODZ0VK,leo.cras@aol.com,04-05-2024,10000,0
436,Nelle Ranga,ERI38RNK9IU,interdum.sed@hotmail.com,04-04-2024,10000,0
437,Harriet Kumar,ETH67CRM5OW,dui.fusce@hotmail.com,04-06-2024,10000,0
438,Xyla Nunez,JCN71SQQ8SN,vitae@icloud.com,04-02-2024,10000,0
439,Ainsley Ramirez,OML13XSE6ME,interdum.enim@icloud.com,04-03-2024,10000,0
440,Florence Zhan,DYD17JVJ0FP,lacinia@protonmail.com,04-05-2024,10000,0
441,Leonard Gong,KJL15YEG2QW,proin.sed.turpis@protonmail.com,04-05-2024,10000,0
442,Macaulay Yu,XFQ10EGH7FC,congue@protonmail.com,04-01-2024,10000,0
443,Abbot Nath,IPF19NWO5KR,imperdiet.erat@protonmail.com,04-04-2024,10000,0
444,Jacqueline Alsagoff,MQX75RMN7JT,ac.urna@google.com,04-05-2024,10000,0
445,Aurelia Xiao,ITY28MTF2OR,ante.ipsum@yahoo.com,04-04-2024,10000,0
446,Medge Foong,HMG81CRZ6NY,tellus.phasellus.elit@protonmail.com,04-03-2024,10000,0
447,Inga Nelson,MPB96CVL6JP,ipsum.nunc@protonmail.com,04-04-2024,10000,0
448,Amery Vargas,VRF44JQS2IQ,libero.nec.ligula@protonmail.com,04-03-2024,10000,0
449,Benedict Weaver,DNC65OOH8BB,sodales.mauris@google.com,04-05-2024,10000,0
450,Henry Prasad,CVV32ZNE9NR,justo@icloud.com,04-06-2024,10000,0
451,Erasmus Raji,LRF32XQE5BX,mi.felis.adipiscing@aol.com,04-06-2024,10000,0
452,Kylan Kishore,NCP92WPF9CW,elit.etiam@google.com,04-03-2024,10000,0
453,Garth Malik,YVL24NFR1HN,montes.nascetur.ridiculus@aol.com,04-04-2024,10000,0
454,Porter Krishnamurthy,RRL05ECP8HR,lectus.pede.et@outlook.com,04-04-2024,10000,0
455,Jemima Martin,OMT01RTY2WE,dui.cum.sociis@yahoo.com,04-01-2024,10000,0
456,Chancellor Pierce,TKG58JRR8TQ,sollicitudin.adipiscing.ligula@outlook.com,04-01-2024,10000,0
457,Quyn Day,CLG13ONR3QK,ornare.elit@protonmail.com,04-05-2024,10000,0
458,Gareth Alsagoff,XRK75XPD5SV,arcu.nunc.mauris@hotmail.com,04-01-2024,10000,0
459,Burton Murphy,SVH78CLG5YT,lobortis.augue@aol.com,04-01-2024,10000,0
460,Olga Mehta,WTW91EIO3SW,dictum.eleifend@yahoo.com,04-02-2024,10000,0
461,Kadeem Phua,OKT68LDQ5HE,augue.eu@yahoo.com,04-03-2024,10000,0
462,Ina Price,AHK51TSO5OM,ultrices.posuere@protonmail.com,04-06-2024,10000,0
463,Ronan Hansen,VKY38JCT2WN,ornare@google.com,04-02-2024,10000,0
464,Kirestin Guerrero,FWB46WQX1NS,justo.eu.arcu@google.com,04-04-2024,10000,0
465,Raya Jin,YUE88BOR7XN,quis@protonmail.com,04-04-2024,10000,0
466,Dai Hunt,UXN16JII2GC,facilisis.suspendisse@aol.com,04-04-2024,10000,0
467,Stuart Tsui,PMT26KGY8WO,semper.et@icloud.com,04-05-2024,10000,0
468,Bruce Allen,SWJ92PGI5ED,mauris@aol.com,04-05-2024,10000,0
469,Beverly Nelson,RPP17MSZ4GS,ut.cursus@aol.com,04-02-2024,10000,0
470,Callum Riley,IOB34GJS6CN,praesent.eu.nulla@protonmail.com,04-03-2024,10000,0
471,Reese Mu,MSD64CBI2VP,sed@aol.com,04-02-2024,10000,0
472,Cathleen Jindal,CWH22OLS9AJ,non.hendrerit.id@outlook.com,04-03-2024,10000,0
473,Darius Boyd,QFQ32YHD2XJ,diam@google.com,04-05-2024,10000,0
474,Fatima Hudson,WUK85DCW1QY,erat.vel@google.com,04-06-2024,10000,0
475,Freya Xing,CRC32NVL5XO,odio@google.com,04-02-2024,10000,0
476,Abra Win,GXA87GBM5LF,duis.mi@protonmail.com,04-02-2024,10000,0
477,Chancellor Ching,SYL85JGX2MY,ac.turpis@outlook.com,04-03-2024,10000,0
478,Uriah Puri,BPV13TUQ5BK,quis.lectus.nullam@icloud.com,04-04-2024,10000,0
479,Geoffrey Richards,JHV58EPW4TD,ac@protonmail.com,04-05-2024,10000,0
480,Declan Matthews,XPF77TMW4QE,massa@hotmail.com,04-05-2024,10000,0
481,Burke Seah,NQB75NAJ1WU,vestibulum.neque.sed@hotmail.com,04-01-2024,10000,0
482,Patrick Sara,VCK97IWL5BK,nunc.mauris@hotmail.com,04-06-2024,10000,0
483,Kylan Peng,GBO81LDL7EH,penatibus.et@aol.com,04-02-2024,10000,0
484,Kelsie Raji,DYM38FMY4MD,aliquet.metus@protonmail.com,04-02-2024,10000,0
485,Russell Sara,BME35LWN4ES,iaculis@aol.com,04-04-2024,10000,0
486,Dawn Torres,ADV48GQR4PI,at.risus.nunc@protonmail.com,04-02-2024,10000,0
487,Abel Loke,IQY75ITS4KE,eget.magna@hotmail.com,04-06-2024,10000,0
488,Ezekiel Washington,YWD01DTD9ON,elit@protonmail.com,04-04-2024,10000,0
489,Burton Subramani,MHC98ERS1YO,ligula.consectetuer@yahoo.com,04-05-2024,10000,0
490,Brenden Lee,IUX46IMS2HS,suspendisse.commodo@google.com,04-04-2024,10000,0
491,Neil Lane,YVL11CFK5CM,enim.consequat.purus@hotmail.com,04-03-2024,10000,0
492,Dawn Punj,FWU76UQV9BV,enim.sit@outlook.com,04-05-2024,10000,0
493,Micah Chaudhary,NTP44PYO7OR,eget.ipsum@icloud.com,04-02-2024,10000,0
494,Neville Weber,UCG16LOD5SL,in@protonmail.com,04-02-2024,10000,0
495,Geoffrey Vazquez,QYI10RVS4CK,mauris@hotmail.com,04-03-2024,10000,0
496,Sacha Kwee,ZFS27WIQ2KE,euismod.urna@protonmail.com,04-05-2024,10000,0
497,Riley Wilson,PPH88TMG5EY,tellus.suspendisse@outlook.com,04-05-2024,10000,0
498,Tarik Jenkins,SPP31XEI5YN,pede@aol.com,04-04-2024,10000,0
499,Unity Bishop,QHN87NUN3YA,sem.nulla@aol.com,04-03-2024,10000,0
500,Britanney Hwang,PBR10OSP4BD,in.molestie@icloud.com,04-02-2024,10000,0
